"No.","公開番号","案件の状態","発注方式","電入／紙入","工事番号","工事名","所属コード","所属名","工事場所","予定価格（税抜）","予定価格（税込）","公告（通知）日","開札予定日","更新日時","発注業種","発注業種２"
"1","200839","○","一般競争入札","電子入札","令和２年度　道維修　第８号－２","那智勝浦古座川線道路維持修繕調査業務","130770","東牟婁振興局新宮建設部","東牟婁郡那智勝浦町","8665000","9531500","2020/04/02","2020/04/14","2020/04/02 06:31","地質調査",""
"2","200867","○","一般競争入札","電子入札","令和２年度　道維修　第６号－９","秋津川田辺線外道路維持修繕（道路管理単価契約）工事","130660","西牟婁振興局建設部","田辺市","6718000","7389800","2020/04/02","2020/04/13","2020/04/02 06:31","土木一式工事",""
"3","200861","○","一般競争入札","電子入札","令和２年度　道維修　第６号－２１","国道４２５号外道路維持修繕工事","130660","西牟婁振興局建設部","田辺市","8539000","9392900","2020/04/02","2020/04/13","2020/04/02 06:31","土木一式工事",""
"4","200849","○","一般競争入札","電子入札","令和２年度　道維修　第６号－２０","龍神十津川線外道路維持修繕工事","130660","西牟婁振興局建設部","田辺市","11667000","12833700","2020/04/02","2020/04/13","2020/04/02 06:31","土木一式工事",""
"5","200866","○","一般競争入札","電子入札","令和２年度　道維修　第６号－２","上富田すさみ線外道路維持修繕外合併（道路外管理単価契約）工事","130660","西牟婁振興局建設部","西牟婁郡上富田町","4330000","4763000","2020/04/02","2020/04/13","2020/04/02 06:31","土木一式工事",""
"6","200850","○","一般競争入札","電子入札","令和２年度　道維修　第６号－１９","国道１６８号外道路維持修繕工事","130660","西牟婁振興局建設部","田辺市","7027000","7729700","2020/04/02","2020/04/13","2020/04/02 06:31","土木一式工事",""
"7","200851","○","一般競争入札","電子入札","令和２年度　道維修　第６号－１８","下川上牟婁線外道路維持修繕工事","130660","西牟婁振興局建設部","田辺市","12975000","14272500","2020/04/02","2020/04/13","2020/04/02 06:31","土木一式工事",""
"8","200859","○","一般競争入札","電子入札","令和２年度　道維修　第６号－１７","国道３１１号外道路維持修繕工事","130660","西牟婁振興局建設部","田辺市","13306000","14636600","2020/04/02","2020/04/13","2020/04/02 06:31","土木一式工事",""
"9","200845","○","一般競争入札","電子入札","令和２年度　道維修　第６号－１６","上富田すさみ線外道路維持修繕工事","130660","西牟婁振興局建設部","西牟婁郡上富田町","9147000","10061700","2020/04/02","2020/04/13","2020/04/02 06:31","土木一式工事",""
"10","200843","○","一般競争入札","電子入札","令和２年度　道維修　第６号－１５","日置川大塔線外道路維持修繕工事","130660","西牟婁振興局建設部","西牟婁郡白浜町","9771000","10748100","2020/04/02","2020/04/13","2020/04/02 06:31","土木一式工事",""
"11","200860","○","一般競争入札","電子入札","令和２年度　道維修　第６号－１４","南紀白浜空港線外道路維持修繕工事","130660","西牟婁振興局建設部","西牟婁郡白浜町","7487000","8235700","2020/04/02","2020/04/13","2020/04/02 06:31","土木一式工事",""
"12","200841","○","一般競争入札","電子入札","令和２年度　道維修　第６号－１３","田辺龍神線外道路維持修繕工事","130660","西牟婁振興局建設部","田辺市","10334000","11367400","2020/04/02","2020/04/13","2020/04/02 06:31","土木一式工事",""
"13","200840","○","一般競争入札","電子入札","令和２年度　道維修　第６号－１２","田辺印南線外道路維持修繕外合併工事","130660","西牟婁振興局建設部","田辺市","12260000","13486000","2020/04/02","2020/04/13","2020/04/02 06:31","土木一式工事",""
"14","200868","○","一般競争入札","電子入札","令和２年度　道維修　第６号－１０","南紀白浜空港線外道路維持修繕外合併（道路外管理単価契約）工事","130660","西牟婁振興局建設部","","3776000","4153600","2020/04/02","2020/04/13","2020/04/02 06:31","電気工事",""
"15","200872","○","一般競争入札","電子入札","令和２年度　道維修　第２号－９","中尾名手市場線（名手ポンプ場）道路維持修繕工事","130260","那賀振興局建設部","紀の川市","1926000","2118600","2020/04/02","2020/04/14","2020/04/02 06:30","電気工事",""
"16","200889","○","一般競争入札","電子入札","令和２年度　港調　第３号","日高港港湾調査（外）合併測量業務","130560","日高振興局建設部","日高郡美浜町","4582000","5040200","2020/04/02","2020/04/14","2020/04/02 06:30","測量一般",""
"17","200882","○","一般競争入札","電子入札","令和２年度　県単港整　第４－１号","日高港県単港湾施設整備調査業務","130560","日高振興局建設部","御坊市","865000","951500","2020/04/02","2020/04/14","2020/04/02 06:30","測量一般",""
"18","200837","○","一般競争入札","電子入札","令和２年度　県際高　第６号","国道３７１号（スカイライン）県際道路管理工事","130660","西牟婁振興局建設部","田辺市","4512000","4963200","2020/04/02","2020/04/13","2020/04/02 06:31","土木一式工事",""
"19","200854","○","一般競争入札","電子入札","令和２年度　県災防　第７号","城すさみ線道路災害防除外合併工事","130760","東牟婁振興局串本建設部","西牟婁郡すさみ町","24998000","27497800","2020/04/02","2020/04/14","2020/04/02 06:31","土木一式工事",""
"20","200831","○","一般競争入札","電子入札","令和２年度　建住管　第８－２号","県営住宅入替修繕（単価契約）工事","130770","東牟婁振興局新宮建設部","新宮市","4519000","4970900","2020/04/02","2020/04/14","2020/04/02 06:31","建築一式工事",""
"21","200910","○","一般競争入札","電子入札","令和２年度　建住管　第６－１号－７","県営住宅第３区域緊急修繕建築工事（単価契約）","130660","西牟婁振興局建設部","西牟婁郡上富田町","992000","1091200","2020/04/02","2020/04/13","2020/04/02 06:31","建築一式工事",""
"22","200909","○","一般競争入札","電子入札","令和２年度　建住管　第６－１号－４","県営住宅第２区域緊急修繕建築工事（単価契約）","130660","西牟婁振興局建設部","西牟婁郡白浜町","992000","1091200","2020/04/02","2020/04/13","2020/04/02 06:31","建築一式工事",""
"23","200900","○","一般競争入札","電子入札","令和２年度　建住管　第６－１号－１","県営住宅第１区域緊急修繕建築工事（単価契約）","130660","西牟婁振興局建設部","田辺市","992000","1091200","2020/04/02","2020/04/13","2020/04/02 06:31","建築一式工事",""
"24","200885","○","一般競争入札","電子入札","令和２年度　建住管　第５－２号","県営住宅入替修繕工事（単価契約）","130560","日高振興局建設部","御坊市","3047000","3351700","2020/04/02","2020/04/14","2020/04/02 06:30","建築一式工事",""
"25","200858","○","一般競争入札","電子入札","令和２年度　急傾斜　第６６号－３","大島北地地区急傾斜地崩壊対策調査業務","130760","東牟婁振興局串本建設部","東牟婁郡串本町","4939000","5432900","2020/04/02","2020/04/14","2020/04/02 06:31","地質調査",""
"26","200857","○","一般競争入札","電子入札","令和２年度　急傾斜　第６６号－２","大島北地地区急傾斜地崩壊対策設計業務","130760","東牟婁振興局串本建設部","東牟婁郡串本町","6076000","6683600","2020/04/02","2020/04/14","2020/04/02 06:31","河川砂防及び海岸",""
"27","200904","○","一般競争入札","電子入札","令和２年度　急傾斜　第２０号－２","門前１地区急傾斜地崩壊対策設計業務","130560","日高振興局建設部","日高郡由良町","2631000","2894100","2020/04/02","2020/04/14","2020/04/02 06:31","河川砂防及び海岸",""
"28","200903","○","一般競争入札","電子入札","令和２年度　急傾斜　第２０号","門前１地区急傾斜地崩壊対策測量業務","130560","日高振興局建設部","日高郡由良町","1418000","1559800","2020/04/02","2020/04/14","2020/04/02 06:30","測量一般",""
"29","200847","○","一般競争入札","電子入札","令和２年度　海修　第８号","片男波センターハウス・和歌川ポンプ場公共下水道接続設計業務","081200","都市住宅局　公共建築課","","1410000","1551000","2020/04/02","2020/04/14","2020/04/02 06:30","衛生",""
"30","200883","○","一般競争入札","電子入札","令和２年度　河修　第６０１号－５","印南川（外）河川修繕（外）合併（単価契約）工事","130560","日高振興局建設部","日高郡印南町","7245000","7969500","2020/04/02","2020/04/14","2020/04/02 06:30","土木一式工事",""
"31","200878","○","一般競争入札","電子入札","令和２年度　河修　第３０１号－８","柘榴川外河川修繕工事","130260","那賀振興局建設部","紀の川市","5859000","6444900","2020/04/02","2020/04/14","2020/04/02 06:30","土木一式工事",""
"32","200879","○","一般競争入札","電子入札","令和２年度　河修　第３０１号－７","丸田川河川修繕工事","130260","那賀振興局建設部","紀の川市","2283000","2511300","2020/04/02","2020/04/14","2020/04/02 06:30","土木一式工事",""
"33","200876","○","一般競争入札","電子入札","令和２年度　河修　第３０１号－６","春日川河川修繕工事","130260","那賀振興局建設部","岩出市","7377000","8114700","2020/04/02","2020/04/14","2020/04/02 06:30","土木一式工事",""
"34","200874","○","一般競争入札","電子入札","令和２年度　河修　第３０１号－５","住吉川外河川修繕工事","130260","那賀振興局建設部","岩出市","6753000","7428300","2020/04/02","2020/04/14","2020/04/02 06:30","土木一式工事",""
"35","200880","○","一般競争入札","電子入札","令和２年度　河修　第３０１号－４","住吉川外河川修繕工事","130260","那賀振興局建設部","岩出市","7609000","8369900","2020/04/02","2020/04/14","2020/04/02 06:30","土木一式工事",""
"36","200830","○","一般競争入札（総合評価）","電子入札","令和２年度　営　第１号","鑑識科学センター大規模改造（２期）建築工事","081200","都市住宅局　公共建築課","和歌山市","","","2020/04/02","2020/05/07","2020/04/02 06:30","建築一式工事",""
"37","200884","○","一般競争入札","電子入札","令和２年度　ダム修繕　第４号－５","切目川ダム修繕（単価契約）工事","130560","日高振興局建設部","日高郡印南町","3157000","3472700","2020/04/02","2020/04/14","2020/04/02 06:30","土木一式工事",""
"38","200875","○","一般競争入札（総合評価）","電子入札","令和１年度　流下　第１１号－１３","紀の川流域下水道伊都浄化センター水処理施設１池内部防食更新工事","130260","那賀振興局建設部","伊都郡かつらぎ町","37977000","41774700","2020/04/02","2020/04/21","2020/04/02 06:30","塗装工事",""
"39","200855","○","一般競争入札","電子入札","令和１年度　防交金　第１２５号－７","古座川河川整備工事","130760","東牟婁振興局串本建設部","東牟婁郡串本町","15000000","16500000","2020/04/02","2020/04/14","2020/04/02 06:31","土木一式工事",""
"40","200852","○","一般競争入札（総合評価）","電子入札","令和１年度　道保交金　第９０３－６号－３０","国道３７１号外（今津橋外）交付金道路保全設計業務","130760","東牟婁振興局串本建設部","東牟婁郡古座川町","","","2020/04/02","2020/05/12","2020/04/02 06:31","鋼構造及びコンクリート",""
"41","200746","○","一般競争入札（総合評価）","電子入札","令和１年度　道保交金　第８０１－３２号","国道１６８号交付金道路保全工事","130770","東牟婁振興局新宮建設部","新宮市","90127000","99139700","2020/04/02","2020/04/21","2020/04/02 06:31","とび・土工・コンクリート工事",""
"42","200853","○","一般競争入札","電子入札","令和１年度　道保交金　第７０１－３２号","国道３７１号（立合トンネル外）交付金道路保全設計業務","130760","東牟婁振興局串本建設部","東牟婁郡古座川町","7244000","7968400","2020/04/02","2020/04/14","2020/04/02 06:31","電気・電子","トンネル"
"43","200865","○","一般競争入札","電子入札","令和１年度　道保交金　第６９０－９０号－３１","下川上牟婁線（上小川橋）交付金道路保全工事","130660","西牟婁振興局建設部","田辺市","17231000","18954100","2020/04/02","2020/04/13","2020/04/02 06:31","土木一式工事",""
"44","200833","○","一般競争入札","電子入札","令和１年度　道保交金　第６９０－２号－５０","国道３１１号交付金道路保全設計業務","130660","西牟婁振興局建設部","田辺市","3518000","3869800","2020/04/02","2020/04/13","2020/04/02 06:31","道路",""
"45","200881","○","一般競争入札","電子入札","令和１年度　道保交金　第６９０－２号－４９","国道３１１号交付金道路保全工事","130660","西牟婁振興局建設部","田辺市","14783000","16261300","2020/04/02","2020/04/13","2020/04/02 06:31","舗装工事",""
"46","200871","○","一般競争入札","電子入札","令和１年度　道保交金　第６９０－２号－４８","国道３１１号交付金道路保全工事","130660","西牟婁振興局建設部","田辺市","14794000","16273400","2020/04/02","2020/04/13","2020/04/02 06:31","舗装工事",""
"47","200832","○","一般競争入札","電子入札","令和１年度　道保交金　第６９０－２号－４７","国道３１１号交付金道路保全設計業務","130660","西牟婁振興局建設部","田辺市","6397000","7036700","2020/04/02","2020/04/13","2020/04/02 06:31","道路",""
"48","200835","○","一般競争入札","電子入札","令和１年度　道保交金　第６９０－２号－４６","国道３１１号交付金道路保全調査業務","130660","西牟婁振興局建設部","田辺市","3398000","3737800","2020/04/02","2020/04/13","2020/04/02 06:31","地質調査",""
"49","200834","○","一般競争入札","電子入札","令和１年度　道保交金　第６９０－２号－４５","国道３１１号交付金道路保全測量業務","130660","西牟婁振興局建設部","田辺市","2199000","2418900","2020/04/02","2020/04/13","2020/04/02 06:31","測量一般",""
"50","200836","○","一般競争入札","電子入札","令和１年度　道保交金　第６０３－２号－７","国道３７１号交付金道路保全工事","130660","西牟婁振興局建設部","田辺市","8975000","9872500","2020/04/02","2020/04/13","2020/04/02 06:31","とび・土工・コンクリート工事",""
"51","200890","○","一般競争入札","電子入札","令和１年度　道改交金　第２４号－７","国道４８０号道路改良工事","130460","有田振興局建設部","有田郡有田川町","7429000","8171900","2020/04/02","2020/04/15","2020/04/02 06:30","土木一式工事",""
"52","200907","○","一般競争入札","電子入札","令和１年度　道改交金　第１３４号－８","御坊由良線道路改良（外）合併測量業務","130560","日高振興局建設部","日高郡日高町","3140000","3454000","2020/04/02","2020/04/14","2020/04/02 06:30","測量一般",""
"53","200893","○","一般競争入札","電子入札","令和１年度　道改交金　第１３０号－３４","御坊中津線道路改良設計業務","130560","日高振興局建設部","日高郡日高川町","7551000","8306100","2020/04/02","2020/04/14","2020/04/02 06:30","道路",""
"54","200895","○","一般競争入札","電子入札","令和１年度　地特　第２０号－１１","御坊由良線地方特定道路整備測量業務","130560","日高振興局建設部","日高郡日高町","7781000","8559100","2020/04/02","2020/04/14","2020/04/02 06:30","測量一般",""
"55","200911","○","一般競争入札（総合評価）","電子入札","令和１年度　大規模　第４０３号－１０","芳養川大規模特定河川整備設計業務","130660","西牟婁振興局建設部","田辺市","20371000","22408100","2020/04/02","2020/04/21","2020/04/02 06:31","河川砂防及び海岸",""
"56","200869","○","一般競争入札","電子入札","令和１年度　小道改　第６０３号－２","温川田辺線小規模道路改良工事","130660","西牟婁振興局建設部","田辺市","13104000","14414400","2020/04/02","2020/04/13","2020/04/02 06:31","土木一式工事",""
"57","200886","○","一般競争入札","電子入札","令和１年度　小道改　第４０９号－４","有田港線小規模道路改良用地調査業務","130460","有田振興局建設部","有田市","5160000","5676000","2020/04/02","2020/04/15","2020/04/02 06:30","物件",""
"58","200899","○","一般競争入札","電子入札","令和１年度　小土砂　第２５号－２","吉見（２）地区小規模土砂災害対策工事","130460","有田振興局建設部","有田郡有田川町","13931000","15324100","2020/04/02","2020/04/15","2020/04/02 06:30","土木一式工事",""
"59","200863","○","一般競争入札","電子入札","令和１年度　砂防　第５２７号－４","三越川砂防調査業務","130660","西牟婁振興局建設部","田辺市","6850000","7535000","2020/04/02","2020/04/13","2020/04/02 06:31","地質調査",""
"60","200864","○","一般競争入札","電子入札","令和１年度　砂防　第５１７号－２","内の井川砂防調査業務","130660","西牟婁振興局建設部","田辺市","1826000","2008600","2020/04/02","2020/04/13","2020/04/02 06:31","地質調査",""
"61","200896","○","一般競争入札（総合評価）","電子入札","令和１年度　砂防　第５０５号－５","船坂谷川砂防（砂防）工事","130460","有田振興局建設部","有田郡有田川町","52262000","57488200","2020/04/02","2020/04/22","2020/04/02 06:30","土木一式工事",""
"62","200846","○","一般競争入札","電子入札","令和１年度　砂防　第４９４－３０号－２","紀の川圏域（角間木谷川）　砂防設計業務","130360","伊都振興局建設部","伊都郡かつらぎ町","11289000","12417900","2020/04/02","2020/04/14","2020/04/02 06:30","河川砂防及び海岸",""
"63","200844","○","一般競争入札","電子入札","令和１年度　砂防　第４９４－３０号","紀の川圏域（角間木谷川）　砂防測量業務","130360","伊都振興局建設部","伊都郡かつらぎ町","7641000","8405100","2020/04/02","2020/04/14","2020/04/02 06:30","測量一般",""
"64","200887","○","一般競争入札","電子入札","令和１年度　砂防　第３１号－３","谷奥谷川砂防工事","130560","日高振興局建設部","日高郡日高川町","3464000","3810400","2020/04/02","2020/04/14","2020/04/02 06:30","土木一式工事",""
"65","200906","○","一般競争入札（総合評価）","電子入札","令和１年度　砂防　第１６号－４","黒山谷川砂防工事","130560","日高振興局建設部","日高郡由良町","47021000","51723100","2020/04/02","2020/04/21","2020/04/02 06:31","土木一式工事",""
"66","200902","○","一般競争入札","電子入札","令和１年度　砂防　第１２０号－５","吹井１地区地すべり設計業務","130560","日高振興局建設部","日高郡由良町","3898000","4287800","2020/04/02","2020/04/14","2020/04/02 06:31","河川砂防及び海岸","地質"
"67","200873","○","一般競争入札","電子入札","令和１年度　砂防　第１０５号－９","最上地区砂防（地すべり対策）　調査　業務","130260","那賀振興局建設部","紀の川市","5862000","6448200","2020/04/02","2020/04/14","2020/04/02 06:30","地質調査",""
"68","200894","○","一般競争入札（総合評価）","電子入札","令和１年度　国補県改　第１３１号－３","玄子小松原線道路改良（外）合併工事","130560","日高振興局建設部","日高郡日高川町","36002000","39602200","2020/04/02","2020/04/21","2020/04/02 06:30","土木一式工事",""
"69","200897","○","一般競争入札","電子入札","令和１年度　国補県改　第１２７号－３","井関御坊線道路改良工事","130560","日高振興局建設部","日高郡日高町","16439000","18082900","2020/04/02","2020/04/14","2020/04/02 06:30","土木一式工事",""
"70","200877","○","一般競争入札","電子入札","令和１年度　交安交金　第２０６－３５号","小豆島岩出線　交付金　交通安全　測量　業務","130260","那賀振興局建設部","岩出市","1551000","1706100","2020/04/02","2020/04/14","2020/04/02 06:30","測量一般",""
"71","200856","○","一般競争入札","電子入札","令和１年度　漁港整備　第２－５号－３","周参見漁港漁港施設整備（生産基盤）工事","130760","東牟婁振興局串本建設部","西牟婁郡すさみ町","25761000","28337100","2020/04/02","2020/04/14","2020/04/02 06:31","土木一式工事",""
"72","200898","○","一般競争入札（総合評価）","電子入札","令和１年度　漁港整備　第１－１号－７","箕島漁港漁港施設整備（流通基盤）工事","130460","有田振興局建設部","有田市","82764000","91040400","2020/04/02","2020/04/22","2020/04/02 06:30","土木一式工事",""
"73","200901","○","一般競争入札","電子入札","令和１年度　急傾斜　第７１－３０号－２","瓜谷地区急傾斜地崩壊対策設計業務","130560","日高振興局建設部","日高郡みなべ町","10089000","11097900","2020/04/02","2020/04/14","2020/04/02 06:30","河川砂防及び海岸",""
"74","200905","○","一般競争入札（総合評価）","電子入札","令和１年度　急傾斜　第６６号－４","濱田地区急傾斜地崩壊対策工事","130560","日高振興局建設部","日高郡由良町","20670000","22737000","2020/04/02","2020/04/21","2020/04/02 06:31","土木一式工事",""
"75","200848","○","一般競争入札（総合評価）","電子入札","令和１年度　急傾斜　第６３－３０号","出雲崎地区急傾斜地崩壊対策工事","130760","東牟婁振興局串本建設部","東牟婁郡串本町","73398000","80737800","2020/04/02","2020/04/21","2020/04/02 06:31","とび・土工・コンクリート工事",""
"76","200908","○","一般競争入札（総合評価）","電子入札","令和１年度　急傾斜　第２６号－２","三百瀬地区急傾斜地崩壊対策工事","130560","日高振興局建設部","日高郡日高川町","32388000","35626800","2020/04/02","2020/04/21","2020/04/02 06:31","土木一式工事",""
"77","200870","○","一般競争入札","電子入札","令和１年度　活性化　第６０１号－２","左会津川河川整備工事","130660","西牟婁振興局建設部","田辺市","19724000","21696400","2020/04/02","2020/04/13","2020/04/02 06:31","土木一式工事",""
"78","200842","○","一般競争入札（総合評価）","電子入札","令和１年度　ため池等　第６２号－３","内池改修その1工事","130190","海草振興局農林水産振興部","和歌山市","33848000","37232800","2020/04/02","2020/04/21","2020/04/02 06:30","土木一式工事",""
"79","200805","☆","一般競争入札","電子入札","令和２年度　道維修　第６号－１１","国道３７１号道路維持修繕工事","130660","西牟婁振興局建設部","田辺市","3017000","3318700","2020/03/26","2020/04/06","2020/03/26 06:31","土木一式工事",""
"80","200808","☆","一般競争入札","電子入札","令和２年度　道維修　第６号","田辺白浜線外道路維持修繕外合併（道路外管理単価契約）工事","130660","西牟婁振興局建設部","田辺市","7225000","7947500","2020/03/26","2020/04/06","2020/03/31 06:31","土木一式工事",""
"81","200754","○","一般競争入札","電子入札","令和２年度　道維修　第１号－８","善明寺北島線外道路維持修繕工事","130160","海草振興局建設部","和歌山市","25709000","28279900","2020/03/26","2020/04/09","2020/03/26 06:30","土木一式工事",""
"82","200751","○","一般競争入札","電子入札","令和２年度　道維修　第１号－７","和歌山打田線外　道路維持修繕工事","130160","海草振興局建設部","和歌山市","22740000","25014000","2020/03/26","2020/04/09","2020/03/26 06:30","土木一式工事",""
"83","200774","○","一般競争入札（総合評価）","電子入札","令和２年度　道維修　第１号－６","小豆島船所線外道路維持修繕工事","130160","海草振興局建設部","和歌山市","25063000","27569300","2020/03/26","2020/04/15","2020/03/26 06:30","土木一式工事",""
"84","200769","○","一般競争入札","電子入札","令和２年度　道維　第１号－４","鳴神木広線外街路樹管理維持工事","130160","海草振興局建設部","和歌山市","19594000","21553400","2020/03/26","2020/04/09","2020/03/26 06:30","造園工事",""
"85","200770","○","一般競争入札","電子入札","令和２年度　道維　第１号","和歌山停車場線外街路樹管理維持工事","130160","海草振興局建設部","和歌山市","25054000","27559400","2020/03/26","2020/04/09","2020/03/26 06:30","造園工事",""
"86","200818","☆","一般競争入札","電子入札","令和２年度　堤改　第５０５号","南部川堤防改修工事","130560","日高振興局建設部","日高郡みなべ町","3095000","3404500","2020/03/26","2020/04/07","2020/03/26 06:31","さく井工事",""
"87","200781","☆","一般競争入札","電子入札","令和２年度　堤改　第２０１号","烏子川　堤防改修　工事","130260","那賀振興局建設部","紀の川市","1896000","2085600","2020/03/26","2020/04/07","2020/03/26 06:30","土木一式工事",""
"88","200815","☆","一般競争入札","電子入札","令和２年度　砂防　第１２３号－２","伏拝地区砂防（地すべり）解析業務","130660","西牟婁振興局建設部","田辺市","3264000","3590400","2020/03/26","2020/04/06","2020/03/31 06:31","河川砂防及び海岸",""
"89","200814","☆","一般競争入札","電子入札","令和２年度　砂防　第１２１号－２","芦立地区砂防（地すべり）解析業務","130660","西牟婁振興局建設部","田辺市","2839000","3122900","2020/03/26","2020/04/06","2020/03/31 06:31","河川砂防及び海岸",""
"90","200785","○","一般競争入札","電子入札","令和２年度　砂防　第１０６号－２","海老谷地区砂防工事","130160","海南工事事務所","海南市","19541000","21495100","2020/03/26","2020/04/09","2020/03/26 06:30","とび・土工・コンクリート工事",""
"91","200760","☆","一般競争入札","電子入札","令和２年度　国交建住　第１号","藤田団地浄化槽改修設計業務","081200","都市住宅局　公共建築課","御坊市","1600000","1760000","2020/03/26","2020/04/08","2020/04/01 06:30","衛生",""
"92","200788","☆","一般競争入札","電子入札","令和２年度　県際　第１号","国道３７１号（紀見隧道）　清掃工事","130360","伊都振興局建設部","橋本市","3150000","3465000","2020/03/26","2020/04/07","2020/03/26 06:31","土木一式工事",""
"93","200783","○","一般競争入札（総合評価）","電子入札","令和２年度　県債　流下　第１１号－８","紀の川流域下水道伊都浄化センター水処理施設１池機械設備更新工事","130260","那賀振興局建設部","伊都郡かつらぎ町","99207000","109127700","2020/03/26","2020/04/14","2020/03/26 06:30","機械器具設置工事",""
"94","200803","☆","一般競争入札","電子入札","令和２年度　建住管　第８－１号－４","県営住宅緊急修繕　機械設備（単価契約）工事","130770","東牟婁振興局新宮建設部","新宮市","2861000","3147100","2020/03/26","2020/04/07","2020/03/26 06:32","管工事",""
"95","200802","☆","一般競争入札","電子入札","令和２年度　建住管　第８－１号－３","県営住宅緊急修繕　電気設備（単価契約）工事","130770","東牟婁振興局新宮建設部","新宮市","1444000","1588400","2020/03/26","2020/04/07","2020/03/26 06:32","電気工事",""
"96","200759","☆","一般競争入札","電子入札","令和２年度　串太用国　第１号－２","串本太地道路用地先行取得用地測量業務","130760","東牟婁振興局串本建設部","東牟婁郡那智勝浦町","11771000","12948100","2020/03/26","2020/04/07","2020/03/31 06:32","測量一般",""
"97","200758","☆","一般競争入札","電子入札","令和２年度　串太用国　第１号","串本太地道路用地先行取得用地測量業務","130760","東牟婁振興局串本建設部","東牟婁郡串本町","22892000","25181200","2020/03/26","2020/04/07","2020/03/31 06:32","測量一般",""
"98","200757","☆","一般競争入札","電子入札","令和２年度　急傾斜　第６６号","大島北地地区急傾斜地崩壊対策測量業務","130760","東牟婁振興局串本建設部","東牟婁郡串本町","3082000","3390200","2020/03/26","2020/04/07","2020/03/31 06:32","測量一般",""
"99","200772","○","一般競争入札","電子入札","令和２年度　河修　第１０２号","七瀬川　河川修繕合併工事","130160","海草振興局建設部","和歌山市","14025000","15427500","2020/03/26","2020/04/09","2020/03/26 06:30","土木一式工事",""
"100","200747","○","一般競争入札","電子入札","令和２年度　河修　第１０１号－４","鳴滝川外河川修繕工事","130160","海草振興局建設部","和歌山市","12865000","14151500","2020/03/26","2020/04/09","2020/03/26 06:30","土木一式工事",""
"101","200753","○","一般競争入札","電子入札","令和２年度　河修　第１０１号－３","七瀬川外　河川修繕工事","130160","海草振興局建設部","和歌山市","14612000","16073200","2020/03/26","2020/04/09","2020/03/26 06:30","土木一式工事",""
"102","200749","○","一般競争入札","電子入札","令和２年度　河修　第１０１号","和歌川外河川修繕工事","130160","海草振興局建設部","和歌山市","18472000","20319200","2020/03/26","2020/04/09","2020/03/26 06:30","土木一式工事",""
"103","200773","○","一般競争入札","電子入札","令和２年度　河管　第１号","市堀川河川管理工事","130160","海草振興局建設部","和歌山市","2726000","2998600","2020/03/26","2020/04/09","2020/03/26 06:30","土木一式工事",""
"104","200762","☆","一般競争入札","電子入札","令和２年度　営委　第９号","松江東宿舎浄化槽改修他設計業務","081200","都市住宅局　公共建築課","和歌山市","1690000","1859000","2020/03/26","2020/04/07","2020/04/01 06:30","衛生",""
"105","200763","☆","一般競争入札","電子入札","令和２年度　営委　第７号","野上中宿舎浄化槽改修・動物愛護センター空調改修設計業務","081200","都市住宅局　公共建築課","","1610000","1771000","2020/03/26","2020/04/07","2020/04/01 06:30","衛生",""
"106","200764","☆","一般競争入札","電子入札","令和２年度　営委　第６号","坂田宿舎浄化槽改修設計業務","081200","都市住宅局　公共建築課","和歌山市","1610000","1771000","2020/03/26","2020/04/07","2020/04/01 06:30","衛生",""
"107","200765","☆","一般競争入札","電子入札","令和２年度　営委　第４号","高野口教職員住宅他浄化槽改修設計業務","081200","都市住宅局　公共建築課","橋本市","1240000","1364000","2020/03/26","2020/04/07","2020/04/01 06:30","衛生",""
"108","200766","☆","一般競争入札","電子入札","令和２年度　営委　第３号","大谷宿舎浄化槽改修設計業務","081200","都市住宅局　公共建築課","伊都郡かつらぎ町","1040000","1144000","2020/03/26","2020/04/07","2020/04/01 06:30","衛生",""
"109","200761","☆","一般競争入札","電子入札","令和２年度　営委　第２号","紀北農芸高校排水設備改修設計業務","081200","都市住宅局　公共建築課","伊都郡かつらぎ町","1830000","2013000","2020/03/26","2020/04/08","2020/04/01 06:30","衛生",""
"110","200767","☆","一般競争入札","電子入札","令和２年度　営委　第１号","紀北家畜保健衛生所浄化槽改修設計業務","081200","都市住宅局　公共建築課","和歌山市","1210000","1331000","2020/03/26","2020/04/07","2020/04/01 06:30","衛生",""
"111","200789","○","一般競争入札（総合評価）","電子入札","令和２年度　営　第２号","那賀高校普通特別教室棟建具改修工事","081200","都市住宅局　公共建築課","岩出市","46610000","51271000","2020/03/26","2020/04/14","2020/03/26 06:30","建築一式工事",""
"112","200817","☆","一般競争入札","電子入札","令和２年度　ダム修繕　第４号－３","切目川ダム流量観測業務","130560","日高振興局建設部","日高郡印南町","3450000","3795000","2020/03/26","2020/04/07","2020/03/31 06:31","測量一般",""
"113","200778","○","一般競争入札（総合評価）","電子入札","令和１年度　流下　第１１号－７","紀の川流域下水道伊都浄化センター九度山中継ポンプ場監視制御設備更新工事","130260","那賀振興局建設部","伊都郡かつらぎ町","39190000","43109000","2020/03/26","2020/04/14","2020/03/26 06:30","電気工事",""
"114","200827","○","一般競争入札（総合評価）","電子入札","令和１年度　防交金　第３０１号－９","左会津川河川整備外合併工事","130660","西牟婁振興局建設部","田辺市","77913000","85704300","2020/03/26","2020/04/14","2020/03/26 06:31","土木一式工事",""
"115","200810","☆","一般競争入札","電子入札","令和１年度　防交金　第３０１号－１１","左会津川河川整備設計業務","130660","西牟婁振興局建設部","田辺市","8836000","9719600","2020/03/26","2020/04/06","2020/03/31 06:31","河川砂防及び海岸",""
"116","200813","○","一般競争入札（総合評価）","電子入札","令和１年度　防交金　第２０６－３０号－１５","日高川河川整備工事","130560","日高振興局建設部","日高郡日高川町","35981000","39579100","2020/03/26","2020/04/14","2020/03/26 06:31","土木一式工事",""
"117","200804","○","一般競争入札（総合評価）","電子入札","令和１年度　防交金　第１１４－３０号－５","日方川河川整備工事","130160","海南工事事務所","海南市","96963000","106659300","2020/03/26","2020/04/15","2020/03/26 06:30","しゅんせつ工事",""
"118","200782","☆","一般競争入札","電子入札","令和１年度　防交金　第１０８－３０号－１７","住吉川　河川整備調査　業務","130260","那賀振興局建設部","岩出市","2961000","3257100","2020/03/26","2020/04/07","2020/04/01 06:30","建設環境",""
"119","200787","☆","一般競争入札","電子入札","令和１年度　補正・復旧　第３号－２","復旧治山事業測量業務","130590","日高振興局農林水産振興部","日高郡日高川町","889000","977900","2020/03/26","2020/04/07","2020/03/31 06:31","測量一般",""
"120","200750","☆","一般競争入札","電子入札","令和１年度　補正・復旧　第３号－１","復旧治山事業設計業務","130590","日高振興局農林水産振興部","日高郡日高川町","2743000","3017300","2020/03/26","2020/04/07","2020/03/31 06:31","森林土木",""
"121","200790","☆","一般競争入札","電子入札","令和１年度　補正・復旧　第２号－２","復旧治山事業測量業務","130590","日高振興局農林水産振興部","日高郡日高川町","1272000","1399200","2020/03/26","2020/04/07","2020/03/31 06:31","測量一般",""
"122","200748","☆","一般競争入札","電子入札","令和１年度　補正・復旧　第２号－１","復旧治山事業設計業務","130590","日高振興局農林水産振興部","日高郡日高川町","2770000","3047000","2020/03/26","2020/04/07","2020/03/31 06:31","森林土木",""
"123","200806","☆","一般競争入札","電子入札","令和１年度　道保交金　第９０４－３号－３２","近露平瀬線（大畑橋外）交付金道路保全設計業務","130660","西牟婁振興局建設部","田辺市","7346000","8080600","2020/03/26","2020/04/06","2020/03/31 06:31","鋼構造及びコンクリート",""
"124","200807","○","一般競争入札（総合評価）","電子入札","令和１年度　道保交金　第６９０－９０号－３３","下川上牟婁線（上小川橋）交付金道路保全工事","130660","西牟婁振興局建設部","田辺市","33466000","36812600","2020/03/26","2020/04/14","2020/03/26 06:31","鋼構造物工事",""
"125","200824","☆","一般競争入札","電子入札","令和１年度　道保交金　第５０１－２号－４３","国道４２４号交付金道路保全工事","130560","日高振興局建設部","日高郡日高川町","8246000","9070600","2020/03/26","2020/04/07","2020/03/31 06:31","舗装工事",""
"126","200822","☆","一般競争入札","電子入札","令和１年度　道保交金　第５０１－２号－４２","国道４２４号交付金道路保全工事","130560","日高振興局建設部","日高郡日高川町","12936000","14229600","2020/03/26","2020/04/07","2020/03/31 06:31","舗装工事",""
"127","200784","○","一般競争入札","電子入札","令和１年度　道改交金　第５号－７","国道３７０号道路改良調査解析業務","130160","海南工事事務所","海草郡紀美野町","8845000","9729500","2020/03/26","2020/04/09","2020/03/26 06:30","地質",""
"128","200812","○","一般競争入札（総合評価）","電子入札","令和１年度　道改交金　第１７号－７","国道４２５号道路改良工事","130560","日高振興局建設部","日高郡印南町","33773000","37150300","2020/03/26","2020/04/14","2020/03/26 06:31","土木一式工事",""
"129","200816","☆","一般競争入札","電子入札","令和１年度　道改交金　第１３４号－７","御坊由良線道路改良測量業務","130560","日高振興局建設部","日高郡日高町","3495000","3844500","2020/03/26","2020/04/07","2020/03/31 06:31","測量一般",""
"130","200809","☆","一般競争入札","電子入札","令和１年度　道改交金　第１３０号－３３","御坊中津線道路改良調査業務","130560","日高振興局建設部","日高郡日高川町","9193000","10112300","2020/03/26","2020/04/07","2020/03/31 06:31","地質調査",""
"131","200829","☆","一般競争入札","電子入札","令和１年度　道改交金　第１２８－２０号－５","柏御坊線道路改良工事","130560","日高振興局建設部","日高郡日高町","639000","702900","2020/03/26","2020/04/07","2020/03/26 06:31","塗装工事",""
"132","200768","○","一般競争入札","電子入札","令和１年度　地特　第８号－１１","和歌山橋本線地方特定道路整備建物等調査業務","130160","海草振興局建設部","和歌山市","1830000","2013000","2020/03/26","2020/04/09","2020/03/26 06:30","事業損失",""
"133","200756","☆","一般競争入札","電子入札","令和１年度　地特　第２８号－３","長井古座線地方特定道路整備工事","130760","東牟婁振興局串本建設部","東牟婁郡串本町","7057000","7762700","2020/03/26","2020/04/07","2020/03/31 06:31","舗装工事",""
"134","200771","○","一般競争入札","電子入札","令和１年度　地特　第１１－１号－７","秋月海南線地方特定道路整備工事","130160","海草振興局建設部","和歌山市","4002000","4402200","2020/03/26","2020/04/09","2020/03/26 06:30","土木一式工事",""
"135","200777","☆","一般競争入札","電子入札","令和１年度　地すべり　第９号－５１","晩稲熊岡地区  地すべり観測その６業務","130590","日高振興局農林水産振興部","日高郡みなべ町","5780000","6358000","2020/03/26","2020/04/07","2020/03/31 06:31","地質調査",""
"136","200795","☆","一般競争入札","電子入札","令和１年度　地すべり　第８号－５２","吉原田原地区　概成検討その３業務","130390","伊都振興局農林水産振興部","橋本市","4720000","5192000","2020/03/26","2020/04/07","2020/04/01 06:30","河川砂防及び海岸",""
"137","200776","○","一般競争入札（総合評価）","電子入札","令和１年度　地すべり　第１号－３","地すべり防止事業","130790","東牟婁振興局農林水産振興部","東牟婁郡那智勝浦町","69795000","76774500","2020/03/26","2020/04/14","2020/03/26 06:32","さく井工事",""
"138","200828","☆","一般競争入札","電子入札","令和１年度　小道改　第５０５号－３","田辺印南線小規模道路改良工事","130560","日高振興局建設部","日高郡印南町","1928000","2120800","2020/03/26","2020/04/07","2020/03/27 16:37","舗装工事",""
"139","200801","☆","一般競争入札","電子入札","令和１年度　砂防　第５２９号－３","熊野川圏域砂防測量業務","130770","東牟婁振興局新宮建設部","新宮市","2659000","2924900","2020/03/26","2020/04/07","2020/04/01 06:31","測量一般",""
"140","200826","○","一般競争入札（総合評価）","電子入札","令和１年度　砂防　第１２７－３０号","伏拝地区砂防（地すべり）工事","130660","西牟婁振興局建設部","田辺市","44668000","49134800","2020/03/26","2020/04/14","2020/03/26 06:31","さく井工事",""
"141","200811","☆","一般競争入札","電子入札","令和１年度　砂防　第１２４号－３","高原地区砂防（地すべり）解析業務","130660","西牟婁振興局建設部","田辺市","3365000","3701500","2020/03/26","2020/04/06","2020/03/31 06:31","河川砂防及び海岸",""
"142","200823","☆","一般競争入札","電子入札","令和１年度　砂防　第１２２号－７","長野地区砂防（地すべり）調査業務","130660","西牟婁振興局建設部","田辺市","4390000","4829000","2020/03/26","2020/04/06","2020/03/31 06:31","地質調査",""
"143","200799","○","一般競争入札","電子入札","令和１年度　砂防　第１１８号－４","西ケ峯地区砂防（地すべり）調査業務","130460","有田振興局建設部","有田郡有田川町","2719000","2990900","2020/03/26","2020/04/15","2020/04/02 06:30","地質調査",""
"144","200800","○","一般競争入札","電子入札","令和１年度　砂防　第１１７号－４","沼田地区砂防（地すべり）調査業務","130460","有田振興局建設部","有田郡有田川町","6323000","6955300","2020/03/26","2020/04/15","2020/04/02 06:30","地質調査",""
"145","200798","○","一般競争入札","電子入札","令和１年度　砂防　第１１５号－５","上六川地区砂防（地すべり）調査業務","130460","有田振興局建設部","有田郡有田川町","10562000","11618200","2020/03/26","2020/04/15","2020/04/02 06:30","地質調査",""
"146","200796","○","一般競争入札","電子入札","令和１年度　砂防　第１１５号－４","上六川地区砂防（地すべり）調査業務","130460","有田振興局建設部","有田郡有田川町","2610000","2871000","2020/03/26","2020/04/15","2020/04/02 06:30","事業損失",""
"147","200786","○","一般競争入札","電子入札","令和１年度　砂調　第２号","塩津谷川砂防調査業務","130160","海南工事事務所","海南市","4170000","4587000","2020/03/26","2020/04/22","2020/03/26 06:30","河川砂防及び海岸",""
"148","200820","☆","一般競争入札","電子入札","令和１年度　国補県改　第１３３号－６","井関御坊線道路改良建物等調査業務","130560","日高振興局建設部","日高郡日高町","6890000","7579000","2020/03/26","2020/04/07","2020/03/31 06:30","物件",""
"149","200794","○","一般競争入札","電子入札","令和１年度　国補県改　第１２１号－１６","井関御坊線道路改良工事","130460","有田振興局建設部","有田郡広川町","14195000","15614500","2020/03/26","2020/04/15","2020/03/27 09:22","舗装工事",""
"150","200775","○","一般競争入札（総合評価）","電子入札","令和１年度　国債・地すべり　第１号－１","地すべり防止事業","130790","東牟婁振興局農林水産振興部","新宮市","98497000","108346700","2020/03/26","2020/04/14","2020/03/26 06:32","さく井工事",""
"151","200745","○","一般競争入札（総合評価）","電子入札","令和１年度　港海整　第９－３１号","和歌山下津港海岸　港湾海岸整備（老朽化）　工事","082501","和歌山下津港湾事務所","有田市","31725000","34897500","2020/03/26","2020/04/17","2020/03/26 06:30","土木一式工事",""
"152","200791","☆","一般競争入札","電子入札","令和１年度　交安交金　第５０６－５号－３","古井西の地線（外）交付金交通安全（外）合併工事","130560","日高振興局建設部","日高郡印南町","795000","874500","2020/03/26","2020/04/07","2020/03/26 06:31","塗装工事",""
"153","200797","○","一般競争入札","電子入札","令和１年度　漁港整備　第１－１号－６","箕島漁港漁港施設整備（流通基盤）設計業務","130460","有田振興局建設部","有田市","8386000","9224600","2020/03/26","2020/04/15","2020/04/02 06:30","鋼構造及びコンクリート",""
"154","200779","☆","一般競争入札","電子入札","令和１年度　急傾斜　第６９－３０号－２","寺長地区　急傾斜地崩壊対策　設計　業務","130260","那賀振興局建設部","紀の川市","5081000","5589100","2020/03/26","2020/04/07","2020/04/01 06:30","河川砂防及び海岸",""
"155","200780","☆","一般競争入札","電子入札","令和１年度　急傾斜　第６９－３０号","寺長地区　急傾斜地崩壊対策　測量　業務","130260","那賀振興局建設部","紀の川市","3473000","3820300","2020/03/26","2020/04/07","2020/04/01 06:30","測量一般",""
"156","200825","○","一般競争入札（総合評価）","電子入札","令和１年度　急傾斜　第３７号－３","湯崎地区急傾斜地崩壊対策工事","130660","西牟婁振興局建設部","西牟婁郡白浜町","42142000","46356200","2020/03/26","2020/04/14","2020/03/26 06:31","とび・土工・コンクリート工事",""
"157","200792","○","一般競争入札（総合評価）","電子入札","令和１年度　急傾斜　第２８号－３","原日浦地区急傾斜地崩壊対策工事","130560","日高振興局建設部","日高郡日高川町","38332000","42165200","2020/03/26","2020/04/14","2020/03/26 06:31","土木一式工事",""
"158","200693","○","一般競争入札","電子入札","令和２年度　流下　第２０２号","紀の川中流流域下水道（那賀処理区）事業費用対効果　分析検討 業務","130260","那賀振興局建設部","岩出市","6533000","7186300","2020/03/19","2020/04/15","2020/03/19 06:30","下水道",""
"159","200705","☆","一般競争入札（総合評価）","電子入札","令和２年度　有３　第１号","弓場ポンプ場及び有３隧道耐震補強基本設計業務","063000","公営企業課","有田市","22562000","24818200","2020/03/19","2020/04/07","2020/04/01 06:30","鋼構造及びコンクリート",""
"160","200673","☆","一般競争入札","電子入札","令和２年度　舗補　第１００号","国道３７０号外舗装補修工事（単価契約）","130160","海南工事事務所","海南市","6343000","6977300","2020/03/19","2020/04/06","2020/03/26 06:30","舗装工事",""
"161","200742","","一般競争入札","電子入札","令和２年度　道維修　第４号－９","美里龍神線外道路維持修繕外合併工事（単価契約）","130460","有田振興局建設部","有田郡有田川町","4986000","5484600","2020/03/19","2020/03/31","2020/03/31 14:41","土木一式工事",""
"162","200740","","一般競争入札","電子入札","令和２年度　道維修　第４号－８","国道４８０号道路維持修繕外合併工事（単価契約）","130460","有田振興局建設部","有田郡有田川町","4915000","5406500","2020/03/19","2020/03/31","2020/03/31 14:40","土木一式工事",""
"163","200739","","一般競争入札","電子入札","令和２年度　道維修　第４号－７","国道４８０号外道路維持修繕外合併工事（単価契約）","130460","有田振興局建設部","有田郡有田川町","4892000","5381200","2020/03/19","2020/03/31","2020/03/31 14:38","土木一式工事",""
"164","200738","","一般競争入札","電子入札","令和２年度　道維修　第４号－５","海南金屋線外道路維持修繕外合併工事（単価契約）","130460","有田振興局建設部","有田郡有田川町","4949000","5443900","2020/03/19","2020/03/31","2020/03/31 14:37","土木一式工事",""
"165","200727","","一般競争入札","電子入札","令和２年度　道維修　第３号－８","国道３７０号外　道路維持修繕工事","130360","伊都振興局建設部","伊都郡九度山町","11046000","12150600","2020/03/19","2020/04/01","2020/04/01 16:52","土木一式工事",""
"166","200728","","一般競争入札","電子入札","令和２年度　道維修　第３号－３","山田岸上線　道路維持修繕工事","130360","伊都振興局建設部","橋本市","2515000","2766500","2020/03/19","2020/04/01","2020/04/01 16:53","電気工事",""
"167","200672","☆","一般競争入札","電子入札","令和２年度　道維修　第３００号","国道３７０号外道路維持修繕工事（単価契約）","130160","海南工事事務所","海南市","3766000","4142600","2020/03/19","2020/04/06","2020/03/19 06:30","電気工事",""
"168","200674","☆","一般競争入札","電子入札","令和２年度　道維修　第１００号－４","国道３７０号外道路維持修繕工事（単価契約）","130160","海南工事事務所","海南市","5944000","6538400","2020/03/19","2020/04/06","2020/03/26 06:30","塗装工事",""
"169","200708","☆","一般競争入札","電子入札","令和２年度　道維修　第１００号－２","国道３７０号外道路維持修繕工事（単価契約）","130160","海南工事事務所","海草郡紀美野町","4973000","5470300","2020/03/19","2020/04/06","2020/03/19 06:30","土木一式工事",""
"170","200734","○","一般競争入札","電子入札","令和２年度　小土砂　第２４号","明王寺向山地区小規模土砂災害対策工事","130460","有田振興局建設部","有田郡有田川町","4530000","4983000","2020/03/19","2020/04/15","2020/03/19 06:30","とび・土工・コンクリート工事",""
"171","200677","☆","一般競争入札","電子入札","令和２年度　小土砂　第１６号","東畑地区小規模土砂災害対策工事","130160","海南工事事務所","海南市","4237000","4660700","2020/03/19","2020/04/06","2020/03/19 06:30","土木一式工事",""
"172","200723","☆","一般競争入札","電子入札","令和２年度　砂防　第１２５号","立平地区砂防（地すべり）調査業務","130660","西牟婁振興局建設部","西牟婁郡上富田町","6034000","6637400","2020/03/19","2020/04/06","2020/03/25 06:31","地質調査",""
"173","200719","☆","一般競争入札","電子入札","令和２年度　砂防　第１２４号","清水谷地区砂防（地すべり）調査業務","130660","西牟婁振興局建設部","西牟婁郡上富田町","12349000","13583900","2020/03/19","2020/04/06","2020/03/25 06:31","地質調査",""
"174","200717","☆","一般競争入札","電子入札","令和２年度　砂防　第１２３号","伏拝地区砂防（地すべり）調査業務","130660","西牟婁振興局建設部","田辺市","8650000","9515000","2020/03/19","2020/04/06","2020/03/25 06:31","地質調査",""
"175","200725","","一般競争入札","電子入札","令和２年度　砂防　第１０３号","上古沢地区　砂防調査業務","130360","伊都振興局建設部","伊都郡九度山町","12895000","14184500","2020/03/19","2020/04/01","2020/04/01 16:41","地質調査",""
"176","200722","","一般競争入札","電子入札","令和２年度　砂防　第１０１号","星川地区　砂防調査業務","130360","伊都振興局建設部","伊都郡かつらぎ町","4010000","4411000","2020/03/19","2020/04/01","2020/04/01 16:39","地質調査",""
"177","200666","☆","一般競争入札","電子入札","令和２年度　砂修　第９号－５","鴻田地区砂防修繕調査業務","130770","東牟婁振興局新宮建設部","新宮市","1230000","1353000","2020/03/19","2020/04/07","2020/03/26 06:32","事業損失",""
"178","200716","○","一般競争入札（総合評価）","電子入札","令和２年度　県債　防交金　第５０１号－２","亀の川河川整備合併工事","130160","海草振興局建設部","和歌山市","36008000","39608800","2020/03/19","2020/04/09","2020/03/31 06:30","土木一式工事",""
"179","200665","○","一般競争入札（総合評価）","電子入札","令和２年度　県債　道改交金　第１１２号","紀伊停車場田井ノ瀬線（仮称新南田井ノ瀬橋下部）　道路改良工事","130160","海草振興局建設部","和歌山市","","","2020/03/19","2020/04/15","2020/03/19 06:30","土木一式工事",""
"180","200697","○","一般競争入札（総合評価）","電子入札","令和２年度　県債　広域　第２号－１","紀の里地区（仮称粉河２号橋）橋梁上部工事","130260","那賀振興局建設部","紀の川市","","","2020/03/19","2020/04/15","2020/03/19 06:30","鋼構造物工事",""
"181","200669","","一般競争入札","電子入札","令和２年度　教総委　第２号","海南高校　校地等整備設計業務","500100","教育総務局　総務課","海南市","4211000","4632100","2020/03/19","2020/04/02","2020/04/02 17:31","造園",""
"182","200670","","一般競争入札","電子入札","令和２年度　教総委　第１号","和歌山工業高校　校地等整備設計業務","500100","教育総務局　総務課","和歌山市","3096000","3405600","2020/03/19","2020/04/02","2020/04/02 17:30","造園",""
"183","200667","","一般競争入札","電子入札","令和２年度　紀２　第１号","海底横断管更新基本設計業務","063000","公営企業課","海南市","6370000","7007000","2020/03/19","2020/03/31","2020/03/31 15:28","上水道及び工業用水道",""
"184","200744","","一般競争入札","電子入札","令和２年度　河修　第５０１号－６","有田川外河川修繕外合併工事（単価契約）","130460","有田振興局建設部","有田郡有田川町","4994000","5493400","2020/03/19","2020/03/31","2020/03/31 14:38","土木一式工事",""
"185","200682","☆","一般競争入札","電子入札","令和２年度　医委　第１号","ドクターヘリ格納庫・ヘリ給油施設整備測量業務","130160","海草振興局建設部","和歌山市","2456000","2701600","2020/03/19","2020/04/06","2020/03/26 09:26","測量一般",""
"186","200737","○","一般競争入札","電子入札","令和１年度　防交金　第１１８－３０号－５","切目川河川整備設計業務","130560","日高振興局建設部","日高郡印南町","4157000","4572700","2020/03/19","2020/04/15","2020/03/19 06:31","河川砂防及び海岸",""
"187","200691","","一般競争入札","電子入札","令和１年度　防交金　第１０８－３０号－１５","住吉川　河川整備　工事","130260","那賀振興局建設部","岩出市","17326000","19058600","2020/03/19","2020/03/31","2020/03/31 16:54","土木一式工事",""
"188","200684","☆","一般競争入札","電子入札","令和１年度　道保交金　第９０４－６号－６０","市鹿野鮎川線（落合橋）交付金道路保全設計業務","130660","西牟婁振興局建設部","田辺市","7501000","8251100","2020/03/19","2020/04/06","2020/03/25 06:30","鋼構造及びコンクリート",""
"189","200707","☆","一般競争入札","電子入札","令和１年度　道保交金　第９０４－６号－３６","下川上牟婁線（宮の口橋）交付金道路保全設計業務","130660","西牟婁振興局建設部","田辺市","13564000","14920400","2020/03/19","2020/04/06","2020/03/25 06:30","鋼構造及びコンクリート",""
"190","200686","☆","一般競争入札","電子入札","令和１年度　道保交金　第９０４－６号－３５","上富田南部線（八上大橋）交付金道路保全設計業務","130660","西牟婁振興局建設部","西牟婁郡上富田町","8121000","8933100","2020/03/19","2020/04/06","2020/03/25 06:30","鋼構造及びコンクリート",""
"191","200685","☆","一般競争入札","電子入札","令和１年度　道保交金　第９０４－６号－３４","田辺白浜線（名喜里橋）交付金道路保全設計業務","130660","西牟婁振興局建設部","田辺市","9359000","10294900","2020/03/19","2020/04/06","2020/03/25 06:30","鋼構造及びコンクリート",""
"192","200699","☆","一般競争入札","電子入札","令和１年度　道保交金　第９０４－３号－６","那智勝浦古座川線（宇筒井川橋）交付金道路保全工事","130760","東牟婁振興局串本建設部","東牟婁郡古座川町","3398000","3737800","2020/03/19","2020/04/07","2020/03/19 06:31","舗装工事",""
"193","200671","☆","一般競争入札","電子入札","令和１年度　道保交金　第８９０－１号－４４","国道１６８号交付金道路保全工事","130770","東牟婁振興局新宮建設部","新宮市","6546000","7200600","2020/03/19","2020/04/07","2020/03/26 06:32","とび・土工・コンクリート工事",""
"194","200714","☆","一般競争入札（総合評価）","電子入札","令和１年度　道保交金　第７９０－２号－１４","潮岬周遊線交付金道路保全工事","130760","東牟婁振興局串本建設部","東牟婁郡串本町","37575000","41332500","2020/03/19","2020/04/08","2020/03/30 06:30","とび・土工・コンクリート工事",""
"195","200713","☆","一般競争入札（総合評価）","電子入札","令和１年度　道保交金　第７９０－２号－１３","潮岬周遊線交付金道路保全工事","130760","東牟婁振興局串本建設部","東牟婁郡串本町","39951000","43946100","2020/03/19","2020/04/08","2020/03/30 06:30","とび・土工・コンクリート工事",""
"196","200736","☆","一般競争入札（総合評価）","電子入札","令和１年度　道保交金　第６９０－２号－２３","国道３１１号（小広トンネル）交付金道路保全工事","130660","西牟婁振興局建設部","田辺市","44435000","48878500","2020/03/19","2020/04/08","2020/04/01 06:30","電気工事",""
"197","200710","☆","一般競争入札","電子入札","令和１年度　道保交金　第６９０－１１号－４２","龍神中辺路線交付金道路保全工事","130660","西牟婁振興局建設部","田辺市","9314000","10245400","2020/03/19","2020/04/06","2020/03/25 06:30","とび・土工・コンクリート工事",""
"198","200743","☆","一般競争入札（総合評価）","電子入札","令和１年度　道保交金　第６９０－１０号－２２","国道４２５号（下福井トンネル）交付金道路保全工事","130660","西牟婁振興局建設部","田辺市","42070000","46277000","2020/03/19","2020/04/08","2020/04/01 17:30","電気工事",""
"199","200741","☆","一般競争入札（総合評価）","電子入札","令和１年度　道保交金　第６９０－１０号－２１","国道４２５号（六地蔵トンネル）交付金道路保全外合併工事","130660","西牟婁振興局建設部","田辺市","39413000","43354300","2020/03/19","2020/04/08","2020/04/01 06:30","電気工事",""
"200","200688","","一般競争入札","電子入札","令和１年度　道保交金　第５９０－１号－２０","国道４２４号（滝頭トンネル）（外）交付金道路保全設計業務","130560","日高振興局建設部","日高郡日高川町","9945000","10939500","2020/03/19","2020/03/31","2020/03/31 14:36","電気・電子",""
"201","200732","","一般競争入札","電子入札","令和１年度　道改交金　第６号－６","国道３７１号　道路改良調査設計業務","130360","伊都振興局建設部","橋本市","4653000","5118300","2020/03/19","2020/04/01","2020/04/01 16:50","地質",""
"202","200724","","一般競争入札","電子入札","令和１年度　道改交金　第１７号－６","国道４２５号道路改良水文調査解析業務","130560","日高振興局建設部","日高郡印南町","1870000","2057000","2020/03/19","2020/03/31","2020/03/31 14:36","地質",""
"203","200709","☆","一般競争入札","電子入札","令和１年度　道改交金　第１４４－２０号－１３","すさみ古座線（仮称小河内橋）道路改良設計業務","130760","東牟婁振興局串本建設部","西牟婁郡すさみ町","15292000","16821200","2020/03/19","2020/04/07","2020/03/25 06:31","鋼構造及びコンクリート",""
"204","200720","○","一般競争入札（総合評価）","電子入札","令和１年度　道改交金　第１４４－２０号－１２","すさみ古座線（仮称小河内２号トンネル）道路改良設計業務","130760","東牟婁振興局串本建設部","西牟婁郡すさみ町","","","2020/03/19","2020/04/15","2020/04/01 06:30","トンネル","地質"
"205","200729","☆","一般競争入札","電子入札","令和１年度　道改交金　第１３９号－４","日置川大塔線道路改良工事","130660","西牟婁振興局建設部","西牟婁郡白浜町","6385000","7023500","2020/03/19","2020/04/06","2020/03/25 06:31","土木一式工事",""
"206","200683","○","一般競争入札（総合評価）","電子入札","令和１年度　道改交金　第１１２号","紀伊停車場田井ノ瀬線　道路改良合併工事","130160","海草振興局建設部","和歌山市","71583000","78741300","2020/03/19","2020/04/09","2020/03/31 06:30","土木一式工事",""
"207","200695","☆","一般競争入札（総合評価）","電子入札","令和１年度　道改交金　第１０８号－７","泉佐野打田線　道路改良　工事","130260","那賀振興局建設部","紀の川市","91160000","100276000","2020/03/19","2020/04/07","2020/03/30 06:30","土木一式工事",""
"208","200692","☆","一般競争入札（総合評価）","電子入札","令和１年度　道改交金　第１０８号－６","泉佐野打田線　道路改良　工事","130260","那賀振興局建設部","紀の川市","89217000","98138700","2020/03/19","2020/04/07","2020/03/30 06:30","土木一式工事",""
"209","200731","","一般競争入札","電子入札","令和１年度　道改交金　第１０１号－３","山田岸上線　道路改良工事","130360","伊都振興局建設部","橋本市","12322000","13554200","2020/03/19","2020/04/01","2020/04/01 16:43","土木一式工事",""
"210","200733","○","一般競争入札","電子入札","令和１年度　小土砂　第３２号","宮原地区小規模土砂災害対策工事","130460","有田振興局建設部","有田市","10473000","11520300","2020/03/19","2020/04/15","2020/03/26 06:31","土木一式工事",""
"211","200730","","一般競争入札","電子入札","令和１年度　災がけ　第３号","椎出地区　災害緊急がけ崩れ対策工事","130360","伊都振興局建設部","伊都郡九度山町","5792000","6371200","2020/03/19","2020/04/01","2020/04/01 16:44","とび・土工・コンクリート工事",""
"212","200704","☆","一般競争入札","電子入札","令和１年度　砂防　第５１８号－６","太間川砂防（砂防）調査業務","130760","東牟婁振興局串本建設部","西牟婁郡すさみ町","1574000","1731400","2020/03/19","2020/04/07","2020/03/25 06:31","地質調査",""
"213","200703","☆","一般競争入札","電子入札","令和１年度　砂防　第５１８号－４","太間川砂防（砂防）測量業務","130760","東牟婁振興局串本建設部","西牟婁郡すさみ町","3491000","3840100","2020/03/19","2020/04/07","2020/03/25 06:31","測量一般",""
"214","200668","☆","一般競争入札（総合評価）","電子入札","令和１年度　砂防　第４５号－２","清の川砂防工事","130770","東牟婁振興局新宮建設部","東牟婁郡那智勝浦町","73951000","81346100","2020/03/19","2020/04/07","2020/03/31 06:32","土木一式工事",""
"215","200698","☆","一般競争入札（総合評価）","電子入札","令和１年度　砂防　第３４号－２","岩垣内谷川砂防工事","130560","日高振興局建設部","日高郡日高川町","48138000","52951800","2020/03/19","2020/04/07","2020/03/31 06:31","土木一式工事",""
"216","200726","☆","一般競争入札","電子入札","令和１年度　砂防　第１２５号－４","芦立地区砂防（地すべり）調査業務","130660","西牟婁振興局建設部","田辺市","8597000","9456700","2020/03/19","2020/04/06","2020/03/25 06:31","地質調査",""
"217","200715","☆","一般競争入札","電子入札","令和１年度　砂防　第１２４－３０号","高原地区砂防（地すべり）調査業務","130660","西牟婁振興局建設部","田辺市","13832000","15215200","2020/03/19","2020/04/06","2020/03/25 06:31","地質調査",""
"218","200678","☆","一般競争入札","電子入札","令和１年度　砂防　第１１１号－５","橘本地区砂防調査合併業務","130160","海南工事事務所","海南市","6735000","7408500","2020/03/19","2020/04/06","2020/03/26 06:30","地質調査",""
"219","200679","☆","一般競争入札","電子入札","令和１年度　砂防　第１０７号－５","上出地区砂防調査合併業務","130160","海南工事事務所","海南市","11143000","12257300","2020/03/19","2020/04/06","2020/03/26 06:30","地質調査",""
"220","200694","","一般競争入札","電子入札","令和１年度　砂防　第１０５号－８","最上地区砂防（地すべり対策）　工事","130260","那賀振興局建設部","紀の川市","6495000","7144500","2020/03/19","2020/03/31","2020/03/31 16:55","とび・土工・コンクリート工事",""
"221","200721","☆","一般競争入札（総合評価）","電子入札","令和１年度　港整　第２－３０号","由良港港湾施設整備工事","130560","日高振興局建設部","日高郡由良町","88445000","97289500","2020/03/19","2020/04/07","2020/03/31 06:31","土木一式工事",""
"222","200718","☆","一般競争入札","電子入札","令和１年度　港海整　第１１－６号","新宮港海岸港湾海岸施設整備工事","130770","東牟婁振興局新宮建設部","東牟婁郡那智勝浦町","17358000","19093800","2020/03/19","2020/04/07","2020/03/26 06:32","電気通信工事",""
"223","200689","☆","一般競争入札（総合評価）","電子入札","令和１年度　広域　第２号－１２","紀の里地区（粉河工区）　道路　工事","130260","那賀振興局建設部","紀の川市","99849000","109833900","2020/03/19","2020/04/07","2020/03/30 06:30","土木一式工事",""
"224","200696","☆","一般競争入札（総合評価）","電子入札","令和１年度　広域　第２号－１１","紀の里地区（粉河工区）　排水路　工事","130260","那賀振興局建設部","紀の川市","32935000","36228500","2020/03/19","2020/04/07","2020/03/30 06:30","土木一式工事",""
"225","200680","☆","一般競争入札","電子入札","令和１年度　公共街路　第２号－２２","南港山東線　道路改良設計業務","130160","海草振興局建設部","和歌山市","2362000","2598200","2020/03/19","2020/04/06","2020/03/26 09:25","道路",""
"226","200681","☆","一般競争入札","電子入札","令和１年度　交安交金　第３０５－５号－２","新和歌浦梅原線交付金交通安全工事","130160","海草振興局建設部","和歌山市","8991000","9890100","2020/03/19","2020/04/06","2020/03/26 09:28","土木一式工事",""
"227","200690","","一般競争入札","電子入札","令和１年度　交安交金　第２０４－３５号－２","粉河那賀線　交付金交通安全　設計　業務","130260","那賀振興局建設部","紀の川市","5040000","5544000","2020/03/19","2020/03/31","2020/03/31 16:54","道路",""
"228","200701","☆","一般競争入札","電子入札","令和１年度　県災　第８号－４","国道３７１号道路災害復旧工事","130760","東牟婁振興局串本建設部","東牟婁郡古座川町","1000000","1100000","2020/03/19","2020/04/07","2020/03/19 06:31","土木一式工事",""
"229","200712","☆","一般競争入札（総合評価）","電子入札","令和１年度　漁港整備　第２－５号－４","周参見漁港漁港施設整備（生産基盤）工事","130760","東牟婁振興局串本建設部","西牟婁郡すさみ町","75200000","82720000","2020/03/19","2020/04/08","2020/03/30 06:30","土木一式工事",""
"230","200702","☆","一般競争入札","電子入札","令和１年度　急傾斜　第７２－３０号－３","周参見１２地区急傾斜地崩壊対策設計業務","130760","東牟婁振興局串本建設部","西牟婁郡すさみ町","4601000","5061100","2020/03/19","2020/04/07","2020/03/25 06:31","河川砂防及び海岸",""
"231","200700","☆","一般競争入札","電子入札","令和１年度　急傾斜　第４２号－２","藤藪平地区急傾斜地崩壊対策工事","130760","東牟婁振興局串本建設部","東牟婁郡古座川町","12483000","13731300","2020/03/19","2020/04/07","2020/03/25 06:31","とび・土工・コンクリート工事",""
"232","200676","☆","一般競争入札","電子入札","令和１年度　急傾斜　第１１号－４","中地区急傾斜地崩壊対策合併工事","130160","海南工事事務所","海南市","17731000","19504100","2020/03/19","2020/04/06","2020/03/26 06:30","とび・土工・コンクリート工事",""
"233","200675","☆","一般競争入札","電子入札","令和１年度　河修　第２０２号－８","亀の川外河川修繕合併工事","130160","海南工事事務所","海南市","4173000","4590300","2020/03/19","2020/04/06","2020/03/19 06:30","土木一式工事",""
"234","200735","○","一般競争入札","電子入札","令和１年度　ほ場環境　第３号－５２","田殿地区かんがい施設実施設計業務","130490","有田振興局農林水産振興部","有田郡有田川町","9990000","10989000","2020/03/19","2020/04/15","2020/03/26 06:31","農業土木",""
"235","200567","","一般競争入札","電子入札","令和２年度　舗補　第８号－５２","那智山勝浦線外舗装補修（単価契約）工事","130770","東牟婁振興局新宮建設部","","9717000","10688700","2020/03/12","2020/03/25","2020/04/01 06:30","舗装工事",""
"236","200568","","一般競争入札","電子入札","令和２年度　舗補　第８号－５１","国道１６８号外舗装補修（単価契約）工事","130770","東牟婁振興局新宮建設部","","9655000","10620500","2020/03/12","2020/03/25","2020/04/01 06:30","舗装工事",""
"237","200591","","一般競争入札","電子入札","令和２年度　舗補　第７号","樫野串本線外単価契約工事","130760","東牟婁振興局串本建設部","","8088000","8896800","2020/03/12","2020/03/25","2020/03/31 06:32","舗装工事",""
"238","200623","","一般競争入札","電子入札","令和２年度　舗補　第６号－３","国道１６８号外舗装補修（道路管理単価契約）工事","130660","西牟婁振興局建設部","田辺市","2832000","3115200","2020/03/12","2020/03/24","2020/04/01 09:24","舗装工事",""
"239","200622","","一般競争入札","電子入札","令和２年度　舗補　第６号－２","国道４２５号外舗装補修（道路管理単価契約）工事","130660","西牟婁振興局建設部","田辺市","2823000","3105300","2020/03/12","2020/03/24","2020/04/01 09:22","舗装工事",""
"240","200621","","一般競争入札","電子入札","令和２年度　舗補　第６号","田辺龍神線外舗装補修外合併（道路外管理単価契約）工事","130660","西牟婁振興局建設部","田辺市","4695000","5164500","2020/03/12","2020/03/24","2020/04/01 10:12","舗装工事",""
"241","200549","","一般競争入札","電子入札","令和２年度　舗補　第１号","和歌山海南線外舗装補修工事（単価契約）","130160","海草振興局建設部","和歌山市","9023000","9925300","2020/03/12","2020/03/25","2020/03/30 06:30","舗装工事",""
"242","200566","","一般競争入札","電子入札","令和２年度　道維修　第８号－９５","那智勝浦本宮線外道路維持修繕（単価契約）工事","130770","東牟婁振興局新宮建設部","東牟婁郡那智勝浦町","8019000","8820900","2020/03/12","2020/03/25","2020/04/01 06:30","土木一式工事",""
"243","200565","","一般競争入札","電子入札","令和２年度　道維修　第８号－９４","那智山勝浦線外道路維持修繕（単価契約）工事","130770","東牟婁振興局新宮建設部","東牟婁郡那智勝浦町","9822000","10804200","2020/03/12","2020/03/25","2020/04/01 06:30","土木一式工事",""
"244","200563","","一般競争入札","電子入札","令和２年度　道維修　第８号－９３","国道１６９号外道路維持修繕（単価契約）工事","130770","東牟婁振興局新宮建設部","東牟婁郡北山村","7866000","8652600","2020/03/12","2020/03/25","2020/04/01 06:30","土木一式工事",""
"245","200564","","一般競争入札","電子入札","令和２年度　道維修　第８号－９２","国道１６８号外道路維持修繕（単価契約）工事","130770","東牟婁振興局新宮建設部","新宮市","7384000","8122400","2020/03/12","2020/03/25","2020/04/01 06:30","土木一式工事",""
"246","200562","","一般競争入札","電子入札","令和２年度　道維修　第８号－９１","国道１６８号外道路維持修繕（単価契約）工事","130770","東牟婁振興局新宮建設部","新宮市","9816000","10797600","2020/03/12","2020/03/25","2020/04/01 06:30","土木一式工事",""
"247","200561","","一般競争入札","電子入札","令和２年度　道維修　第８号－９０","国道１６８号外道路維持修繕外合併（単価契約）工事","130770","東牟婁振興局新宮建設部","","4808000","5288800","2020/03/12","2020/03/25","2020/03/31 06:32","電気工事",""
"248","200569","","一般競争入札","電子入札","令和２年度　道維修　第８号－２","那智勝浦古座川線道路維持修繕調査業務","130770","東牟婁振興局新宮建設部","東牟婁郡那智勝浦町","8665000","9531500","2020/03/12","2020/03/25","2020/03/25 17:02","地質調査",""
"249","200525","","一般競争入札","電子入札","令和２年度　道維修　第８号","那智勝浦本宮線道路維持修繕調査業務","130770","東牟婁振興局新宮建設部","東牟婁郡那智勝浦町","5148000","5662800","2020/03/12","2020/03/25","2020/04/01 06:30","地質調査",""
"250","200590","","一般競争入札","電子入札","令和２年度　道維修　第７号－５８","樫野串本線外単価契約工事","130760","東牟婁振興局串本建設部","","7168000","7884800","2020/03/12","2020/03/25","2020/03/31 06:32","電気工事",""
"251","200589","","一般競争入札","電子入札","令和２年度　道維修　第７号－５７","古座川熊野川線単価契約工事","130760","東牟婁振興局串本建設部","東牟婁郡古座川町","4681000","5149100","2020/03/12","2020/03/25","2020/03/31 06:32","土木一式工事",""
"252","200588","","一般競争入札","電子入札","令和２年度　道維修　第７号－５６","国道３７１号外単価契約工事","130760","東牟婁振興局串本建設部","東牟婁郡古座川町","4843000","5327300","2020/03/12","2020/03/25","2020/03/31 06:32","土木一式工事",""
"253","200587","","一般競争入札","電子入札","令和２年度　道維修　第７号－５５","那智勝浦古座川線外単価契約工事","130760","東牟婁振興局串本建設部","東牟婁郡古座川町","4345000","4779500","2020/03/12","2020/03/25","2020/03/31 06:31","土木一式工事",""
"254","200592","","一般競争入札","電子入札","令和２年度　道維修　第７号－５４","田原古座線外単価契約工事","130760","東牟婁振興局串本建設部","東牟婁郡串本町","4432000","4875200","2020/03/12","2020/03/25","2020/03/31 06:31","土木一式工事",""
"255","200585","","一般競争入札","電子入札","令和２年度　道維修　第７号－５３","潮岬周遊線外単価契約工事","130760","東牟婁振興局串本建設部","東牟婁郡串本町","4507000","4957700","2020/03/12","2020/03/25","2020/03/31 06:31","土木一式工事",""
"256","200584","","一般競争入札","電子入札","令和２年度　道維修　第７号－５２","すさみ古座線外単価契約工事","130760","東牟婁振興局串本建設部","西牟婁郡すさみ町","4819000","5300900","2020/03/12","2020/03/25","2020/03/31 06:31","土木一式工事",""
"257","200581","","一般競争入札","電子入札","令和２年度　道維修　第７号－５１","上富田すさみ線外単価契約工事","130760","東牟婁振興局串本建設部","西牟婁郡すさみ町","4580000","5038000","2020/03/12","2020/03/25","2020/03/31 06:31","土木一式工事",""
"258","200619","","一般競争入札","電子入札","令和２年度　道維修　第６号－９","秋津川田辺線外道路維持修繕（道路管理単価契約）工事","130660","西牟婁振興局建設部","田辺市","6718000","7389800","2020/03/12","2020/03/24","2020/03/24 17:50","土木一式工事",""
"259","200617","","一般競争入札","電子入札","令和２年度　道維修　第６号－８","龍神中辺路線外道路維持修繕外合併（道路外管理単価契約）工事","130660","西牟婁振興局建設部","田辺市","5305000","5835500","2020/03/12","2020/03/24","2020/04/01 10:11","土木一式工事",""
"260","200616","","一般競争入札","電子入札","令和２年度　道維修　第６号－７","国道４２４号外道路維持修繕外合併（道路外管理単価契約）工事","130660","西牟婁振興局建設部","田辺市","7020000","7722000","2020/03/12","2020/03/24","2020/04/01 10:09","土木一式工事",""
"261","200614","","一般競争入札","電子入札","令和２年度　道維修　第６号－６","国道１６８号外道路維持修繕外合併（道路外管理単価契約）工事","130660","西牟婁振興局建設部","田辺市","5807000","6387700","2020/03/12","2020/03/24","2020/03/24 17:36","土木一式工事",""
"262","200613","","一般競争入札","電子入札","令和２年度　道維修　第６号－５","白浜温泉線外道路維持修繕外合併（道路外管理単価契約）工事","130660","西牟婁振興局建設部","西牟婁郡白浜町","8320000","9152000","2020/03/12","2020/03/24","2020/04/01 09:28","土木一式工事",""
"263","200612","","一般競争入札","電子入札","令和２年度　道維修　第６号－４","日置川大塔線外道路維持修繕外合併（道路外管理単価契約）工事","130660","西牟婁振興局建設部","西牟婁郡白浜町","6591000","7250100","2020/03/12","2020/03/24","2020/04/01 10:07","土木一式工事",""
"264","200611","","一般競争入札","電子入札","令和２年度　道維修　第６号－３","国道３７１号外道路維持修繕外合併（道路外管理単価契約）工事","130660","西牟婁振興局建設部","田辺市","6255000","6880500","2020/03/12","2020/03/24","2020/04/01 08:53","土木一式工事",""
"265","200610","","一般競争入札","電子入札","令和２年度　道維修　第６号－２","上富田すさみ線外道路維持修繕外合併（道路外管理単価契約）工事","130660","西牟婁振興局建設部","西牟婁郡上富田町","4330000","4763000","2020/03/12","2020/03/24","2020/03/24 17:33","土木一式工事",""
"266","200620","","一般競争入札","電子入札","令和２年度　道維修　第６号－１０","南紀白浜空港線外道路維持修繕外合併（道路外管理単価契約）工事","130660","西牟婁振興局建設部","","3776000","4153600","2020/03/12","2020/03/24","2020/03/24 17:51","電気工事",""
"267","200609","","一般競争入札","電子入札","令和２年度　道維修　第６号","白浜温泉線外道路維持修繕外合併（道路外管理単価契約）工事","130660","西牟婁振興局建設部","田辺市","7225000","7947500","2020/03/12","2020/03/24","2020/03/17 10:00","土木一式工事",""
"268","200618","","一般競争入札","電子入札","令和２年度　道維修　第３号－６","国道４８０号外　単価契約工事","130360","伊都振興局建設部","伊都郡かつらぎ町","9998000","10997800","2020/03/12","2020/03/25","2020/03/30 13:57","土木一式工事",""
"269","200615","","一般競争入札","電子入札","令和２年度　道維修　第３号－２４","国道４８０号　道路維持修繕工事","130360","伊都振興局建設部","伊都郡かつらぎ町","6056000","6661600","2020/03/12","2020/03/25","2020/03/30 13:59","土木一式工事",""
"270","200630","","一般競争入札","電子入札","令和２年度　道維修　第３号－２","国道３７１号外　単価契約工事","130360","伊都振興局建設部","","9798000","10777800","2020/03/12","2020/03/25","2020/03/30 14:01","電気工事",""
"271","200626","","一般競争入札","電子入札","令和２年度　道維修　第３－１号－２７","国道３７１号外　道路管理単価契約工事","130360","伊都振興局建設部","伊都郡高野町","14952000","16447200","2020/03/12","2020/03/25","2020/03/30 14:00","土木一式工事",""
"272","200548","","一般競争入札","電子入札","令和２年度　道維修　第２００号－３","粉河加太線外　道路維持修繕工事（単価契約）","130160","海草振興局建設部","和歌山市","9008000","9908800","2020/03/12","2020/03/25","2020/03/30 06:30","土木一式工事",""
"273","200555","","一般競争入札","電子入札","令和２年度　道維修　第２００号－２","新和歌浦梅原線外道路照明修繕工事（単価契約）","130160","海草振興局建設部","和歌山市","7643000","8407300","2020/03/12","2020/03/25","2020/03/30 06:30","電気工事",""
"274","200557","","一般競争入札","電子入札","令和２年度　道維修　第２００号","和歌山橋本線外道路維持修繕工事（単価契約）","130160","海草振興局建設部","和歌山市","4509000","4959900","2020/03/12","2020/03/25","2020/03/30 06:30","土木一式工事",""
"275","200560","","一般競争入札","電子入札","令和２年度　道維修　第１号－５","和歌山海南線外　道路維持修繕工事（単価契約）","130160","海草振興局建設部","和歌山市","8192000","9011200","2020/03/12","2020/03/25","2020/03/30 06:30","塗装工事",""
"276","200550","","一般競争入札","電子入札","令和２年度　道維修　第１号－４","和歌山海南線外道路維持修繕工事（単価契約）","130160","海草振興局建設部","和歌山市","7500000","8250000","2020/03/12","2020/03/25","2020/03/30 06:30","土木一式工事",""
"277","200553","","一般競争入札","電子入札","令和２年度　道維修　第１号－３","新和歌浦梅原線外道路維持修繕工事（単価契約）","130160","海草振興局建設部","和歌山市","4542000","4996200","2020/03/12","2020/03/25","2020/03/30 06:30","土木一式工事",""
"278","200546","","一般競争入札","電子入札","令和２年度　道維修　第１号－２","粉河加太線外　道路維持修繕工事（単価契約）","130160","海草振興局建設部","和歌山市","5021000","5523100","2020/03/12","2020/03/25","2020/03/30 06:30","土木一式工事",""
"279","200552","","一般競争入札","電子入札","令和２年度　道維修　第１号","和歌山海南線外道路維持修繕工事","130160","海草振興局建設部","和歌山市","9383000","10321300","2020/03/12","2020/03/25","2020/03/30 06:30","電気工事",""
"280","200479","","一般競争入札","電子入札","令和２年度　港修　第１号－３","和歌山下津港外　港湾修繕外合併工事（単価契約）","082501","和歌山下津港湾事務所","海南市","3918000","4309800","2020/03/12","2020/03/25","2020/03/27 06:30","土木一式工事",""
"281","200477","","一般競争入札","電子入札","令和２年度　港修　第１号－２","和歌山下津港外　港湾修繕外合併工事（単価契約）","082501","和歌山下津港湾事務所","和歌山市","4979000","5476900","2020/03/12","2020/03/25","2020/03/30 06:30","土木一式工事",""
"282","200651","☆","一般競争入札（総合評価）","電子入札","令和２年度　県災防　第６号","国道１６８号（土河屋トンネル）道路災害防除測量調査設計業務","130660","西牟婁振興局建設部","田辺市","10553000","11608300","2020/03/12","2020/04/06","2020/03/25 06:30","地質","トンネル"
"283","200641","","一般競争入札","電子入札","令和２年度　建住管　第８－２号","県営住宅入替修繕（単価契約）工事","130770","東牟婁振興局新宮建設部","新宮市","4519000","4970900","2020/03/12","2020/03/25","2020/03/25 17:18","建築一式工事",""
"284","200580","","一般競争入札","電子入札","令和２年度　建住管　第７－１号－２","県営住宅第２区域緊急修繕工事（単価契約）","130760","東牟婁振興局串本建設部","西牟婁郡すさみ町","4336000","4769600","2020/03/12","2020/03/25","2020/03/31 06:32","建築一式工事",""
"285","200579","","一般競争入札","電子入札","令和２年度　建住管　第７－１号","県営住宅第１区域緊急修繕工事（単価契約）","130760","東牟婁振興局串本建設部","東牟婁郡串本町","4336000","4769600","2020/03/12","2020/03/25","2020/03/31 06:32","建築一式工事",""
"286","200608","","一般競争入札","電子入札","令和２年度　建住管　第６－２号－３","県営住宅第３区域入替修繕工事（単価契約）","130660","西牟婁振興局建設部","西牟婁郡上富田町","2150000","2365000","2020/03/12","2020/03/24","2020/04/01 09:55","建築一式工事",""
"287","200607","","一般競争入札","電子入札","令和２年度　建住管　第６－２号－２","県営住宅第２区域入替修繕工事(単価契約)","130660","西牟婁振興局建設部","田辺市","2150000","2365000","2020/03/12","2020/03/24","2020/04/01 09:54","建築一式工事",""
"288","200606","","一般競争入札","電子入札","令和２年度　建住管　第６－２号－１","県営住宅第１区域入替修繕工事(単価契約)","130660","西牟婁振興局建設部","田辺市","2150000","2365000","2020/03/12","2020/03/24","2020/04/01 09:52","建築一式工事",""
"289","200605","","一般競争入札","電子入札","令和２年度　建住管　第６－１号－９","県営住宅第３区域緊急修繕機械設備工事(単価契約)","130660","西牟婁振興局建設部","西牟婁郡上富田町","2357000","2592700","2020/03/12","2020/03/24","2020/04/01 09:51","管工事",""
"290","200604","","一般競争入札","電子入札","令和２年度　建住管　第６－１号－８","県営住宅第３区域緊急修繕電気設備工事(単価契約)","130660","西牟婁振興局建設部","西牟婁郡上富田町","991000","1090100","2020/03/12","2020/03/24","2020/04/01 09:46","電気工事",""
"291","200603","","一般競争入札","電子入札","令和２年度　建住管　第６－１号－７","県営住宅第３区域緊急修繕建築工事（単価契約）","130660","西牟婁振興局建設部","西牟婁郡上富田町","992000","1091200","2020/03/12","2020/03/24","2020/03/24 17:59","建築一式工事",""
"292","200602","","一般競争入札","電子入札","令和２年度　建住管　第６－１号－６","県営住宅第２区域緊急修繕機械設備工事(単価契約)","130660","西牟婁振興局建設部","西牟婁郡白浜町","2357000","2592700","2020/03/12","2020/03/24","2020/04/01 09:48","管工事",""
"293","200601","","一般競争入札","電子入札","令和２年度　建住管　第６－１号－５","県営住宅第２区域緊急修繕電気設備工事（単価契約）","130660","西牟婁振興局建設部","西牟婁郡白浜町","991000","1090100","2020/03/12","2020/03/24","2020/04/01 09:44","電気工事",""
"294","200600","","一般競争入札","電子入札","令和２年度　建住管　第６－１号－４","県営住宅第2区域緊急修繕建築工事（単価契約）","130660","西牟婁振興局建設部","西牟婁郡白浜町","992000","1091200","2020/03/12","2020/03/24","2020/03/24 17:54","建築一式工事",""
"295","200599","","一般競争入札","電子入札","令和２年度　建住管　第６－１号－３","県営住宅第１区域緊急修繕機械設備工事(単価契約)","130660","西牟婁振興局建設部","田辺市","2357000","2592700","2020/03/12","2020/03/24","2020/04/01 09:47","管工事",""
"296","200598","","一般競争入札","電子入札","令和２年度　建住管　第６－１号－２","県営住宅第１区域緊急修繕電気設備工事（単価契約）","130660","西牟婁振興局建設部","田辺市","991000","1090100","2020/03/12","2020/03/24","2020/04/01 09:43","電気工事",""
"297","200597","","一般競争入札","電子入札","令和２年度　建住管　第６－１号－１","県営住宅第１区域緊急修繕建築工事（単価契約）","130660","西牟婁振興局建設部","田辺市","992000","1091200","2020/03/12","2020/03/24","2020/03/24 17:53","建築一式工事",""
"298","200657","","一般競争入札","電子入札","令和２年度　建住管　第５－２号","県営住宅入替修繕工事（単価契約）","130560","日高振興局建設部","御坊市","3047000","3351700","2020/03/12","2020/03/24","2020/03/24 16:51","建築一式工事",""
"299","200656","","一般競争入札","電子入札","令和２年度　建住管　第５－１号－３","県営住宅緊急修繕機械設備工事（単価契約）","130560","日高振興局建設部","御坊市","2357000","2592700","2020/03/12","2020/03/24","2020/03/31 06:30","管工事",""
"300","200658","","一般競争入札","電子入札","令和２年度　建住管　第５－１号－２","県営住宅緊急修繕電気設備工事（単価契約）","130560","日高振興局建設部","御坊市","1112000","1223200","2020/03/12","2020/03/24","2020/03/31 06:30","電気工事",""
"301","200654","","一般競争入札","電子入札","令和２年度　建住管　第５－１号－１","県営住宅緊急修繕建築工事（単価契約）","130560","日高振興局建設部","御坊市","2245000","2469500","2020/03/12","2020/03/24","2020/03/31 06:30","建築一式工事",""
"302","200574","","一般競争入札","電子入札","令和２年度　河修　第９０１号－４","太田川水系外河川修繕外合併（単価契約）工事","130770","東牟婁振興局新宮建設部","東牟婁郡那智勝浦町","4920000","5412000","2020/03/12","2020/03/25","2020/04/01 06:30","土木一式工事",""
"303","200575","","一般競争入札","電子入札","令和２年度　河修　第９０１号－３","那智川水系外河川修繕外合併（単価契約）工事","130770","東牟婁振興局新宮建設部","東牟婁郡那智勝浦町","9854000","10839400","2020/03/12","2020/03/25","2020/04/01 06:30","土木一式工事",""
"304","200571","","一般競争入札","電子入札","令和２年度　河修　第９０１号－２","佐野川水系外河川修繕外合併（単価契約）工事","130770","東牟婁振興局新宮建設部","新宮市","9854000","10839400","2020/03/12","2020/03/25","2020/04/01 06:30","土木一式工事",""
"305","200570","","一般競争入札","電子入札","令和２年度　河修　第９０１号","新宮川水系外河川修繕外合併（単価契約）工事","130770","東牟婁振興局新宮建設部","新宮市","4922000","5414200","2020/03/12","2020/03/25","2020/04/01 06:30","土木一式工事",""
"306","200596","","一般競争入札","電子入札","令和２年度　河修　第８０１号－４","田原川外単価契約工事","130760","東牟婁振興局串本建設部","東牟婁郡串本町","4513000","4964300","2020/03/12","2020/03/25","2020/03/31 06:32","土木一式工事",""
"307","200595","","一般競争入札","電子入札","令和２年度　河修　第８０１号－３","古座川外単価契約工事","130760","東牟婁振興局串本建設部","東牟婁郡古座川町","4142000","4556200","2020/03/12","2020/03/25","2020/03/31 06:32","土木一式工事",""
"308","200594","","一般競争入札","電子入札","令和２年度　河修　第８０１号－２","二色川外単価契約工事","130760","東牟婁振興局串本建設部","東牟婁郡串本町","4376000","4813600","2020/03/12","2020/03/25","2020/03/31 06:32","土木一式工事",""
"309","200593","","一般競争入札","電子入札","令和２年度　河修　第８０１号","周参見川外単価契約工事","130760","東牟婁振興局串本建設部","西牟婁郡すさみ町","9642000","10606200","2020/03/12","2020/03/25","2020/03/31 06:32","土木一式工事",""
"310","200547","","一般競争入札","電子入札","令和２年度　河修　第１０１号－６","土入川外　河川修繕外合併工事（単価契約）","130160","海草振興局建設部","和歌山市","6924000","7616400","2020/03/12","2020/03/25","2020/03/30 06:30","土木一式工事",""
"311","200558","","一般競争入札","電子入札","令和２年度　河修　第１０１号－５","和田川外河川修繕外合併工事（単価契約）","130160","海草振興局建設部","和歌山市","7412000","8153200","2020/03/12","2020/03/25","2020/03/25 17:22","土木一式工事",""
"312","200551","","一般競争入札","電子入札","令和２年度　河管　第１号－２","土入川外河川管理工事（単価契約）","130160","海草振興局建設部","和歌山市","4540000","4994000","2020/03/12","2020/03/25","2020/03/30 06:30","土木一式工事",""
"313","200577","","一般競争入札","電子入札","令和２年度　ダム修繕　第５号","七川ダム単価契約工事","130760","東牟婁振興局串本建設部","東牟婁郡古座川町","3584000","3942400","2020/03/12","2020/03/25","2020/03/31 06:32","土木一式工事",""
"314","200639","","一般競争入札","電子入札","令和２年度　ダム修繕　第３号－７","椿山ダム修繕（単価契約）工事","130560","日高振興局建設部","日高郡日高川町","5178000","5695800","2020/03/12","2020/03/24","2020/03/31 06:31","土木一式工事",""
"315","200649","☆","一般競争入札（総合評価）","電子入札","令和１年度　防交金　第３０２号－１３","佐野川河川整備工事","130770","東牟婁振興局新宮建設部","新宮市","44911000","49402100","2020/03/12","2020/04/07","2020/03/25 06:31","土木一式工事",""
"316","200648","","一般競争入札（総合評価）","電子入札","令和１年度　防交金　第２０４－５０号","加茂川（宮川）排水機場上屋建築工事","081200","都市住宅局　公共建築課","海南市","71890000","79079000","2020/03/12","2020/03/31","2020/03/31 15:12","建築一式工事",""
"317","200643","","一般競争入札（総合評価）","電子入札","令和１年度　防交金　第１２２号－７","椿山ダム堰堤改良工事","130560","日高振興局建設部","日高郡日高川町","37726000","41498600","2020/03/12","2020/03/31","2020/03/31 14:38","とび・土工・コンクリート工事",""
"318","200559","☆","一般競争入札（総合評価）","電子入札","令和１年度　道保交金　第９０３－９号－２","国道１６８号（志古隧道）交付金道路保全工事","130770","東牟婁振興局新宮建設部","新宮市","15143000","16657300","2020/03/12","2020/04/07","2020/03/25 06:31","土木一式工事",""
"319","200554","☆","一般競争入札（総合評価）","電子入札","令和１年度　道保交金　第８９０－１号－２０","国道１６８号（新越路トンネル）交付金道路保全工事","130770","東牟婁振興局新宮建設部","新宮市","48955000","53850500","2020/03/12","2020/04/07","2020/03/25 06:31","電気工事",""
"320","200624","","一般競争入札","電子入札","令和１年度　道保交金　第６９０－９０号－３１","下川上牟婁線（上小川橋）交付金道路保全工事","130660","西牟婁振興局建設部","田辺市","17231000","18954100","2020/03/12","2020/03/24","2020/03/24 17:36","土木一式工事",""
"321","200655","","一般競争入札","電子入札","令和１年度　道保交金　第１９０－６号－４０","国道３７０号　交付金道路保全工事","130360","伊都振興局建設部","伊都郡高野町","6488000","7136800","2020/03/12","2020/03/25","2020/03/30 14:02","とび・土工・コンクリート工事",""
"322","200653","","一般競争入札（総合評価）","電子入札","令和１年度　道保交金　第１０１－２号－２","国道３７１号　交付金道路保全工事","130360","伊都振興局建設部","伊都郡高野町","86805000","95485500","2020/03/12","2020/04/01","2020/04/01 17:02","とび・土工・コンクリート工事",""
"323","200647","","一般競争入札（総合評価）","電子入札","令和１年度　道改交金　第１９号－４","国道４８０号　道路改良工事","130360","伊都振興局建設部","伊都郡高野町","89369000","98305900","2020/03/12","2020/04/01","2020/04/01 16:58","土木一式工事",""
"324","200635","","一般競争入札（総合評価）","電子入札","令和１年度　道改交金　第１９号－３","国道４８０号　道路改良工事","130360","伊都振興局建設部","伊都郡高野町","57842000","63626200","2020/03/12","2020/04/01","2020/04/01 16:55","土木一式工事",""
"325","200627","☆","一般競争入札（総合評価）","電子入札","令和１年度　道改交金　第１１－２０号","国道３７１号道路改良工事","130660","西牟婁振興局建設部","田辺市","98013000","107814300","2020/03/12","2020/04/06","2020/03/25 06:31","土木一式工事",""
"326","200650","","一般競争入札","電子入札","令和１年度　地特　第２９－４号","御坊湯浅線外地方特定道路整備工事","130460","有田振興局建設部","有田郡広川町","8846000","9730600","2020/03/12","2020/03/25","2020/04/01 06:30","塗装工事",""
"327","200638","○","一般競争入札（総合評価）","電子入札","令和１年度　西営　第１号－５","南紀・はまゆう統合支援学校（仮称）寄宿舎建築工事","130660","西牟婁振興局建設部","西牟婁郡上富田町","","","2020/03/12","2020/04/09","2020/04/01 17:29","建築一式工事",""
"328","200628","","一般競争入札","電子入札","令和１年度　災がけ　第１４号","市ノ瀬２地区災害緊急がけ崩れ対策工事","130660","西牟婁振興局建設部","西牟婁郡上富田町","2880000","3168000","2020/03/12","2020/03/24","2020/04/01 09:07","土木一式工事",""
"329","200633","","一般競争入札","電子入札","令和１年度　砂防　第５７号－２","べべ谷川砂防設計業務","130560","日高振興局建設部","日高郡日高川町","10882000","11970200","2020/03/12","2020/03/24","2020/03/31 06:31","河川砂防及び海岸",""
"330","200632","","一般競争入札","電子入札","令和１年度　砂防　第５７号","べべ谷川砂防測量業務","130560","日高振興局建設部","日高郡日高川町","6541000","7195100","2020/03/12","2020/03/24","2020/03/31 06:31","測量一般",""
"331","200629","","一般競争入札","電子入札","令和１年度　砂防　第５４号－３","油河谷川砂防調査業務","130560","日高振興局建設部","日高郡日高町","4830000","5313000","2020/03/12","2020/03/24","2020/03/31 06:31","地質調査",""
"332","200631","","一般競争入札","電子入札","令和１年度　砂防　第５３号－４","牛ヶ瀬谷川砂防調査業務","130560","日高振興局建設部","日高郡日高町","4849000","5333900","2020/03/12","2020/03/24","2020/03/31 06:31","地質調査",""
"333","200646","","一般競争入札","電子入札","令和１年度　砂防　第４９４号－２","紀の川圏域（嵯峨谷川）　砂防調査業務","130360","伊都振興局建設部","橋本市","3556000","3911600","2020/03/12","2020/03/25","2020/03/30 13:56","地質調査",""
"334","200644","","一般競争入札","電子入札","令和１年度　砂防　第４９４号","紀の川圏域（嵯峨谷川）　砂防測量業務","130360","伊都振興局建設部","橋本市","5638000","6201800","2020/03/12","2020/03/25","2020/03/30 13:49","測量一般",""
"335","200637","","一般競争入札","電子入札","令和１年度　砂防　第１２号－４","烏ヶ谷川砂防測量業務","130560","日高振興局建設部","日高郡日高町","1903000","2093300","2020/03/12","2020/03/24","2020/03/31 06:31","測量一般",""
"336","200634","☆","一般競争入札（総合評価）","電子入札","令和１年度　砂防　第１２７号－３","伏拝地区砂防（地すべり）工事","130660","西牟婁振興局建設部","田辺市","50072000","55079200","2020/03/12","2020/04/06","2020/03/25 06:31","さく井工事",""
"337","200642","","一般競争入札","電子入札","令和１年度　砂調　第６号－５","方丈谷川砂防調査業務","130560","日高振興局建設部","日高郡みなべ町","3340000","3674000","2020/03/12","2020/03/24","2020/03/31 06:31","河川砂防及び海岸",""
"338","200640","","一般競争入札","電子入札","令和１年度　砂調　第６号－４","岡の谷川砂防調査業務","130560","日高振興局建設部","日高郡日高川町","3340000","3674000","2020/03/12","2020/03/24","2020/03/31 06:31","河川砂防及び海岸",""
"339","200625","","一般競争入札","電子入札","令和１年度　交安交金　第６０６－５号－３","上万呂北新町線交付金交通安全工事","130660","西牟婁振興局建設部","田辺市","22493000","24742300","2020/03/12","2020/03/24","2020/04/01 19:49","舗装工事",""
"340","200583","","一般競争入札（総合評価）","電子入札","令和１年度　交安交金　第２０４－５号－２","粉河那賀線　交付金交通安全　工事","130260","那賀振興局建設部","紀の川市","37783000","41561300","2020/03/12","2020/03/31","2020/03/31 16:55","土木一式工事",""
"341","200652","","一般競争入札（総合評価）","電子入札","令和１年度　交安交金　第１０４－５号－３","橋本五條線　交付金交通安全工事","130360","伊都振興局建設部","橋本市","17056000","18761600","2020/03/12","2020/04/01","2020/04/01 17:00","土木一式工事",""
"342","200636","","一般競争入札","電子入札","令和１年度　急傾斜　第７１－３０号","瓜谷地区急傾斜地崩壊対策測量業務","130560","日高振興局建設部","日高郡みなべ町","8013000","8814300","2020/03/12","2020/03/24","2020/03/31 06:31","測量一般",""
"343","200475","","一般競争入札","電子入札","令和２年度　舗補　第４号","国道４２４号外舗装補修工事（単価契約）","130460","有田振興局建設部","","4913000","5404300","2020/03/05","2020/03/18","2020/03/25 06:30","舗装工事",""
"344","200516","","一般競争入札","電子入札","令和２年度　舗補　第３号－３","国道３７１号外　舗装補修工事（単価契約）","130360","伊都振興局建設部","伊都郡高野町","9962000","10958200","2020/03/05","2020/03/24","2020/03/27 16:55","舗装工事",""
"345","200524","","一般競争入札","電子入札","令和２年度　舗補　第３号－２","国道３７０号外　舗装補修工事（単価契約）","130360","伊都振興局建設部","伊都郡九度山町","9940000","10934000","2020/03/05","2020/03/24","2020/03/27 16:54","舗装工事",""
"346","200510","","一般競争入札","電子入札","令和２年度　舗補　第３号","国道３７１号外　舗装補修工事（単価契約）","130360","伊都振興局建設部","橋本市","9955000","10950500","2020/03/05","2020/03/24","2020/03/27 16:44","舗装工事",""
"347","200454","","一般競争入札","電子入札","令和２年度　舗補　第２号－２","国道４２４号外舗装補修工事（単価契約）","130260","那賀振興局建設部","紀の川市","4494000","4943400","2020/03/05","2020/03/24","2020/03/31 06:30","舗装工事",""
"348","200455","","一般競争入札","電子入札","令和２年度　舗補　第２号","泉佐野打田線外舗装補修工事（単価契約）","130260","那賀振興局建設部","紀の川市","4443000","4887300","2020/03/05","2020/03/24","2020/03/31 06:30","舗装工事",""
"349","200450","","一般競争入札","電子入札","令和２年度　道維修　第４号－９","美里龍神線外道路維持修繕外合併工事（単価契約）","130460","有田振興局建設部","有田郡有田川町","4986000","5484600","2020/03/05","2020/03/18","2020/03/18 16:40","土木一式工事",""
"350","200433","","一般競争入札","電子入札","令和２年度　道維修　第４号－８","国道４８０号道路維持修繕外合併工事（単価契約）","130460","有田振興局建設部","有田郡有田川町","4915000","5406500","2020/03/05","2020/03/18","2020/03/18 16:36","土木一式工事",""
"351","200424","","一般競争入札","電子入札","令和２年度　道維修　第４号－７","国道４８０号外道路維持修繕外合併工事（単価契約）","130460","有田振興局建設部","有田郡有田川町","4892000","5381200","2020/03/05","2020/03/18","2020/03/18 16:32","土木一式工事",""
"352","200443","","一般競争入札","電子入札","令和２年度　道維修　第４号－６","国道４２４号外道路維持修繕外合併工事（単価契約）","130460","有田振興局建設部","有田郡有田川町","4941000","5435100","2020/03/05","2020/03/18","2020/03/25 06:30","土木一式工事",""
"353","200422","","一般競争入札","電子入札","令和２年度　道維修　第４号－５","海南金屋線外道路維持修繕外合併工事（単価契約）","130460","有田振興局建設部","有田郡有田川町","4949000","5443900","2020/03/05","2020/03/18","2020/03/24 15:17","土木一式工事",""
"354","200421","","一般競争入札","電子入札","令和２年度　道維修　第４号－４","吉備金屋線外道路維持修繕外合併工事（単価契約）","130460","有田振興局建設部","有田郡有田川町","4956000","5451600","2020/03/05","2020/03/18","2020/03/25 06:30","土木一式工事",""
"355","200441","","一般競争入札","電子入札","令和２年度　道維修　第４号－３","広川川辺線外道路維持修繕外合併工事（単価契約）","130460","有田振興局建設部","有田郡広川町","4931000","5424100","2020/03/05","2020/03/18","2020/03/25 06:30","土木一式工事",""
"356","200442","","一般競争入札","電子入札","令和２年度　道維修　第４号－２","有田湯浅線外道路維持修繕外合併工事（単価契約）","130460","有田振興局建設部","有田郡湯浅町","4962000","5458200","2020/03/05","2020/03/18","2020/03/25 06:30","土木一式工事",""
"357","200430","","一般競争入札","電子入札","令和２年度　道維修　第４号－１０","国道４２４号外道路維持修繕外合併工事(単価契約）","130460","有田振興局建設部","","4969000","5465900","2020/03/05","2020/03/18","2020/03/25 06:30","電気工事",""
"358","200470","","一般競争入札","電子入札","令和２年度　道維修　第４号","国道４８０号外道路維持修繕外合併工事（単価契約）","130460","有田振興局建設部","有田市","4973000","5470300","2020/03/05","2020/03/18","2020/03/25 06:30","土木一式工事",""
"359","200538","","一般競争入札","電子入札","令和２年度　道維修　第３号－９","国道３７０号外　単価契約工事","130360","伊都振興局建設部","伊都郡九度山町","9937000","10930700","2020/03/05","2020/03/24","2020/03/27 16:50","土木一式工事",""
"360","200523","","一般競争入札","電子入札","令和２年度　道維修　第３号－７","国道４８０号外　単価契約工事","130360","伊都振興局建設部","伊都郡かつらぎ町","9936000","10929600","2020/03/05","2020/03/24","2020/03/27 16:48","土木一式工事",""
"361","200521","","一般競争入札","電子入札","令和２年度　道維修　第３号－５","国道３７０号外　単価契約工事","130360","伊都振興局建設部","橋本市","9909000","10899900","2020/03/05","2020/03/24","2020/03/27 16:47","土木一式工事",""
"362","200517","","一般競争入札","電子入札","令和２年度　道維修　第３号－４","国道３７１号外　単価契約工事","130360","伊都振興局建設部","橋本市","9909000","10899900","2020/03/05","2020/03/24","2020/03/27 16:45","土木一式工事",""
"363","200526","","一般競争入札","電子入札","令和２年度　道維修　第３号－１０","国道３７１号外　単価契約工事","130360","伊都振興局建設部","伊都郡高野町","9943000","10937300","2020/03/05","2020/03/24","2020/03/27 16:51","土木一式工事",""
"364","200457","","一般競争入札","電子入札","令和２年度　道維修　第２号－８","粉河加太線外道路照明等維持修繕工事（単価契約）","130260","那賀振興局建設部","紀の川市","3601000","3961100","2020/03/05","2020/03/24","2020/03/31 06:30","電気工事",""
"365","200465","","一般競争入札","電子入札","令和２年度　道維修　第２号－７","高野口野上線外道路維持修繕工事（単価契約）","130260","那賀振興局建設部","紀の川市","4301000","4731100","2020/03/05","2020/03/24","2020/03/31 06:30","土木一式工事",""
"366","200458","","一般競争入札","電子入札","令和２年度　道維修　第２号－６","かつらぎ桃山線外道路維持修繕工事（単価契約）","130260","那賀振興局建設部","紀の川市","4329000","4761900","2020/03/05","2020/03/24","2020/03/31 06:30","土木一式工事",""
"367","200459","","一般競争入札","電子入札","令和２年度　道維修　第２号－５","岩出野上線外道路維持修繕工事（単価契約）","130260","那賀振興局建設部","紀の川市","4355000","4790500","2020/03/05","2020/03/24","2020/03/31 06:30","土木一式工事",""
"368","200460","","一般競争入札","電子入札","令和２年度　道維修　第２号－４","中尾名手市場線外道路維持修繕工事（単価契約）","130260","那賀振興局建設部","紀の川市","4382000","4820200","2020/03/05","2020/03/24","2020/03/31 06:30","土木一式工事",""
"369","200466","","一般競争入札","電子入札","令和２年度　道維修　第２号－３","西川原粉河線外道路維持修繕工事（単価契約）","130260","那賀振興局建設部","紀の川市","4411000","4852100","2020/03/05","2020/03/24","2020/03/31 06:30","土木一式工事",""
"370","200461","","一般競争入札","電子入札","令和２年度　道維修　第２号－２","泉佐野打田線外道路維持修繕工事（単価契約）","130260","那賀振興局建設部","紀の川市","4434000","4877400","2020/03/05","2020/03/24","2020/03/31 06:30","土木一式工事",""
"371","200453","","一般競争入札","電子入札","令和２年度　道維修　第２号","泉佐野岩出線外道路維持修繕工事（単価契約）","130260","那賀振興局建設部","岩出市","4460000","4906000","2020/03/05","2020/03/24","2020/03/31 06:30","土木一式工事",""
"372","200435","","一般競争入札","電子入札","令和２年度　道維修　第１００号－３","国道３７０号外道路維持修繕工事（単価契約）","130160","海南工事事務所","海草郡紀美野町","4964000","5460400","2020/03/05","2020/03/17","2020/03/23 06:30","土木一式工事",""
"373","200436","","一般競争入札","電子入札","令和２年度　道維修　第１００号－２","国道３７０号外道路維持修繕工事（単価契約）","130160","海南工事事務所","海草郡紀美野町","4973000","5470300","2020/03/05","2020/03/17","2020/03/23 06:30","土木一式工事",""
"374","200480","","一般競争入札","電子入札","令和２年度　道維修　第１００号","国道３７０号外道路維持修繕工事（単価契約）","130160","海南工事事務所","海南市","4999000","5498900","2020/03/05","2020/03/17","2020/03/23 06:30","土木一式工事",""
"375","200413","","一般競争入札","電子入札","令和２年度　県防　第１号","県土防災対策治山事業調査業務","130790","東牟婁振興局農林水産振興部","新宮市","1394000","1533400","2020/03/05","2020/03/24","2020/03/27 06:30","森林土木",""
"376","200462","","一般競争入札","電子入札","令和２年度　県交　第２号","国道４２４号　外　交通安全施設等　整備　工事（単価契約）","130260","那賀振興局建設部","紀の川市","2246000","2470600","2020/03/05","2020/03/24","2020/03/31 06:30","塗装工事",""
"377","200425","","一般競争入札","電子入札","令和２年度　建住管　第８－１号－４","県営住宅緊急修繕　機械設備（単価契約）工事","130770","東牟婁振興局新宮建設部","新宮市","2861000","3147100","2020/03/05","2020/03/24","2020/03/24 17:21","管工事",""
"378","200428","","一般競争入札","電子入札","令和２年度　建住管　第８－１号－３","県営住宅緊急修繕　電気設備（単価契約）工事","130770","東牟婁振興局新宮建設部","新宮市","1444000","1588400","2020/03/05","2020/03/24","2020/03/24 17:19","電気工事",""
"379","200426","","一般競争入札","電子入札","令和２年度　建住管　第８－１号－２","県営住宅第2区域　緊急修繕建築（単価契約）工事","130770","東牟婁振興局新宮建設部","東牟婁郡那智勝浦町","1837000","2020700","2020/03/05","2020/03/24","2020/03/27 06:30","建築一式工事",""
"380","200406","","一般競争入札","電子入札","令和２年度　建住管　第８－１号","県営住宅第１区域緊急修繕建築（単価契約）工事","130770","東牟婁振興局新宮建設部","新宮市","1850000","2035000","2020/03/05","2020/03/24","2020/03/27 06:30","建築一式工事",""
"381","200502","","一般競争入札","電子入札","令和２年度　河修　第６０１号－１０","矢田川河川修繕工事","130560","日高振興局建設部","日高郡日高川町","943000","1037300","2020/03/05","2020/03/24","2020/03/31 06:31","土木一式工事",""
"382","200420","","一般競争入札","電子入札","令和２年度　河修　第５０１号－６","有田川外河川修繕外合併工事（単価契約）","130460","有田振興局建設部","有田郡有田川町","4994000","5493400","2020/03/05","2020/03/18","2020/03/18 16:28","土木一式工事",""
"383","200434","","一般競争入札","電子入札","令和２年度　河修　第５０１号－５","有田川外河川修繕外合併工事（単価契約）","130460","有田振興局建設部","有田郡有田川町","4961000","5457100","2020/03/05","2020/03/18","2020/03/25 06:30","土木一式工事",""
"384","200427","","一般競争入札","電子入札","令和２年度　河修　第５０１号－４","有田川外河川修繕外合併工事（単価契約）","130460","有田振興局建設部","有田郡有田川町","4970000","5467000","2020/03/05","2020/03/18","2020/03/25 06:30","土木一式工事",""
"385","200438","","一般競争入札","電子入札","令和２年度　河修　第５０１号－３","広川外河川修繕外合併工事（単価契約）","130460","有田振興局建設部","有田郡広川町","4925000","5417500","2020/03/05","2020/03/18","2020/03/25 06:30","土木一式工事",""
"386","200432","","一般競争入札","電子入札","令和２年度　河修　第５０１号－２","山田川外河川修繕外合併工事（単価契約）","130460","有田振興局建設部","有田郡湯浅町","4973000","5470300","2020/03/05","2020/03/18","2020/03/25 06:30","土木一式工事",""
"387","200431","","一般競争入札","電子入札","令和２年度　河修　第５０１号","有田川外河川修繕外合併工事（単価契約）","130460","有田振興局建設部","有田市","4981000","5479100","2020/03/05","2020/03/18","2020/03/25 06:30","土木一式工事",""
"388","200464","","一般競争入札","電子入札","令和２年度　河修　第３０１号－３","丸田川外河川修繕外合併工事（単価契約）","130260","那賀振興局建設部","紀の川市","4389000","4827900","2020/03/05","2020/03/24","2020/03/31 06:30","土木一式工事",""
"389","200463","","一般競争入札","電子入札","令和２年度　河修　第３０１号－２","烏子川外河川修繕外合併工事（単価契約）","130260","那賀振興局建設部","紀の川市","4427000","4869700","2020/03/05","2020/03/24","2020/03/31 06:30","土木一式工事",""
"390","200456","","一般競争入札","電子入札","令和２年度　河修　第３０１号","住吉川外河川修繕外合併工事（単価契約）","130260","那賀振興局建設部","岩出市","4469000","4915900","2020/03/05","2020/03/24","2020/03/31 06:30","土木一式工事",""
"391","200481","","一般競争入札","電子入札","令和２年度　河修　第２０１号－２","貴志川外河川修繕外合併工事（単価契約）","130160","海南工事事務所","海草郡紀美野町","4958000","5453800","2020/03/05","2020/03/17","2020/03/23 06:30","土木一式工事",""
"392","200409","","一般競争入札","電子入札","令和２年度　河修　第２０１号","加茂川外河川修繕外合併工事（単価契約）","130160","海南工事事務所","海南市","4902000","5392200","2020/03/05","2020/03/17","2020/03/23 06:30","土木一式工事",""
"393","200541","☆","一般競争入札（総合評価）","電子入札","令和１年度　道保交金　第９０３－６号－６０","国道３７１号（熊野橋）交付金道路保全設計業務","130660","西牟婁振興局建設部","田辺市","14016000","15417600","2020/03/05","2020/04/06","2020/03/18 10:09","鋼構造及びコンクリート",""
"394","200537","","一般競争入札（総合評価）","電子入札","令和１年度　道保交金　第５９０－３号－１３","御坊由良線交付金道路保全設計業務","130560","日高振興局建設部","日高郡美浜町","15804000","17384400","2020/03/05","2020/03/24","2020/03/24 16:36","河川砂防及び海岸",""
"395","200520","","一般競争入札","電子入札","令和１年度　道調　第４号","国道１６９号道路調査設計業務","130770","東牟婁振興局新宮建設部","東牟婁郡北山村","3888000","4276800","2020/03/05","2020/03/27","2020/03/27 18:11","道路",""
"396","200511","","一般競争入札（総合評価）","電子入札","令和１年度　道改交金　第１３号－６","国道３７１号道路改良工事","130760","東牟婁振興局串本建設部","東牟婁郡古座川町","71057000","78162700","2020/03/05","2020/03/24","2020/03/27 16:44","土木一式工事",""
"397","200415","","一般競争入札","電子入札","令和１年度　道改交金　第１２２号－８","海南金屋線道路改良調査解析業務","130460","有田振興局建設部","有田郡有田川町","7414000","8155400","2020/03/05","2020/03/18","2020/03/25 06:30","地質",""
"398","200414","","一般競争入札","電子入札","令和１年度　道改交金　第１２２号－７","海南金屋線道路改良調査業務","130460","有田振興局建設部","有田郡有田川町","6452000","7097200","2020/03/05","2020/03/18","2020/03/25 06:30","地質調査",""
"399","200411","","一般競争入札","電子入札","令和１年度　道改交金　第１２０－２０号－３","有田湯浅線道路改良測量業務","130460","有田振興局建設部","有田市","3703000","4073300","2020/03/05","2020/03/18","2020/03/25 06:30","測量一般",""
"400","200410","","一般競争入札（総合評価）","電子入札","令和１年度　道改交金　第１２０－２０号－２","有田湯浅線道路改良工事","130460","有田振興局建設部","有田市","83293000","91622300","2020/03/05","2020/03/25","2020/03/25 14:34","土木一式工事",""
"401","200468","","一般競争入札（総合評価）","電子入札","令和１年度　中山間　第６号－１","尼寺地区ほ場整備（その２）工事","130290","那賀振興局農林水産振興部","紀の川市","74350000","81785000","2020/03/05","2020/03/25","2020/04/02 06:30","土木一式工事",""
"402","200545","☆","一般競争入札（総合評価）","電子入札","令和１年度　西営　第２３号","みくまの支援学校第３棟大規模改造建築工事","130660","西牟婁振興局建設部","新宮市","","","2020/03/05","2020/04/06","2020/03/25 06:30","建築一式工事",""
"403","200544","☆","一般競争入札（総合評価）","電子入札","令和１年度　西営　第１号－３","南紀・はまゆう統合支援学校（仮称）校舎１期機械設備工事","130660","西牟婁振興局建設部","西牟婁郡上富田町","","","2020/03/05","2020/04/06","2020/03/25 06:31","管工事",""
"404","200350","","一般競争入札","電子入札","令和１年度　砂調　第９号","岩ノ畑谷砂防全体計画策定業務","130770","東牟婁振興局新宮建設部","東牟婁郡那智勝浦町","4040000","4444000","2020/03/05","2020/03/27","2020/03/27 18:11","河川砂防及び海岸",""
"405","200498","","一般競争入札（総合評価）","電子入札","令和１年度　高度化　第８号－２","川辺町周辺地区中央揚水機場１号機更新その２工事","130590","日高振興局農林水産振興部","日高郡日高川町","","","2020/03/05","2020/03/24","2020/03/24 16:02","機械器具設置工事",""
"406","200472","","一般競争入札（総合評価）","電子入札","令和１年度　公共街路　第２号－２０","南港山東線道路改良工事","130160","海草振興局建設部","和歌山市","62030000","68233000","2020/03/05","2020/03/25","2020/03/25 17:16","土木一式工事",""
"407","200514","","一般競争入札（総合評価）","電子入札","令和１年度　漁港整備　第３－３号－３","串本漁港漁港施設整備（機能保全）工事","130760","東牟婁振興局串本建設部","東牟婁郡串本町","39574000","43531400","2020/03/05","2020/03/24","2020/03/27 16:44","土木一式工事",""
"408","200542","","一般競争入札（総合評価）","電子入札","令和１年度　急傾斜　第１０号－２","市坪地区急傾斜地崩壊対策合併工事","130160","海南工事事務所","海南市","58847000","64731700","2020/03/05","2020/03/25","2020/03/25 17:03","とび・土工・コンクリート工事",""
"409","200419","","一般競争入札","電子入札","令和１年度　サイ整　第５－３４号－２","有田湯浅線外サイクリングロード整備工事","130460","有田振興局建設部","有田市","7319000","8050900","2020/03/05","2020/03/18","2020/03/25 06:30","塗装工事",""
"410","200416","","一般競争入札","電子入札","令和１年度　サイ整　第５－３４号","有田湯浅線外サイクリングロード整備工事","130460","有田振興局建設部","有田市","1151000","1266100","2020/03/05","2020/03/18","2020/03/25 06:30","とび・土工・コンクリート工事",""
"411","200369","","一般競争入札","電子入札","令和２年度　舗補　第５号－２","国道４２５号（外）舗装補修（単価契約）工事","130560","日高振興局建設部","日高郡印南町","9071000","9978100","2020/02/27","2020/03/24","2020/03/31 06:30","舗装工事",""
"412","200371","","一般競争入札","電子入札","令和２年度　舗補　第５号","御坊美山線（外）舗装補修（単価契約）工事","130560","日高振興局建設部","御坊市","9054000","9959400","2020/02/27","2020/03/24","2020/03/31 06:30","舗装工事",""
"413","200374","","一般競争入札","電子入札","令和２年度　道維修　第５号－６０","御坊美山線（外）道路維持修繕（単価契約）工事","130560","日高振興局建設部","御坊市","6685000","7353500","2020/02/27","2020/03/24","2020/03/31 06:30","電気工事",""
"414","200377","","一般競争入札","電子入札","令和２年度　道維修　第５号－５９","上初湯川皆瀬線（外）道路維持修繕（単価契約）工事","130560","日高振興局建設部","日高郡日高川町","5419000","5960900","2020/02/27","2020/03/24","2020/03/31 06:30","土木一式工事",""
"415","200365","","一般競争入札","電子入札","令和２年度　道維修　第５号－５８","御坊美山線（外）道路維持修繕（単価契約）工事","130560","日高振興局建設部","日高郡日高川町","8995000","9894500","2020/02/27","2020/03/24","2020/03/31 06:30","土木一式工事",""
"416","200363","","一般競争入札","電子入札","令和２年度　道維修　第５号－５７","江川小松原線（外）道路維持修繕（単価契約）工事","130560","日高振興局建設部","日高郡日高川町","8995000","9894500","2020/02/27","2020/03/24","2020/03/31 06:30","土木一式工事",""
"417","200367","","一般競争入札","電子入札","令和２年度　道維修　第５号－５６","国道４２４号（外）道路維持修繕（単価契約）工事","130560","日高振興局建設部","日高郡みなべ町","9038000","9941800","2020/02/27","2020/03/24","2020/03/31 06:30","土木一式工事",""
"418","200372","","一般競争入札","電子入札","令和２年度　道維修　第５号－５５","国道４２５号（外）道路維持修繕（単価契約）工事","130560","日高振興局建設部","日高郡印南町","5422000","5964200","2020/02/27","2020/03/24","2020/03/31 06:30","土木一式工事",""
"419","200375","","一般競争入札","電子入札","令和２年度　道維修　第５号－５４","御坊由良線（外）道路維持修繕（単価契約）工事","130560","日高振興局建設部","日高郡由良町","4502000","4952200","2020/02/27","2020/03/24","2020/03/31 06:30","土木一式工事",""
"420","200364","","一般競争入札","電子入札","令和２年度　道維修　第５号－５３","柏御坊線（外）道路維持修繕（単価契約）工事","130560","日高振興局建設部","日高郡日高町","4526000","4978600","2020/02/27","2020/03/24","2020/03/31 06:30","土木一式工事",""
"421","200373","","一般競争入札","電子入札","令和２年度　道維修　第５号－５２","御坊由良線（外）道路維持修繕（単価契約）工事","130560","日高振興局建設部","日高郡美浜町","4538000","4991800","2020/02/27","2020/03/24","2020/03/31 06:30","土木一式工事",""
"422","200395","","一般競争入札","電子入札","令和２年度　道維修　第５号－５１","御坊停車場線（外）道路維持修繕（単価契約）工事","130560","日高振興局建設部","御坊市","9089000","9997900","2020/02/27","2020/03/24","2020/03/31 06:30","土木一式工事",""
"423","200386","","一般競争入札","電子入札","令和２年度　河修　第６０１号－９","日高川（外）河川修繕（外）合併（単価契約）工事","130560","日高振興局建設部","日高郡日高川町","4484000","4932400","2020/02/27","2020/03/24","2020/03/31 06:31","土木一式工事",""
"424","200385","","一般競争入札","電子入札","令和２年度　河修　第６０１号－８","日高川（外）河川修繕（外）合併（単価契約）工事","130560","日高振興局建設部","日高郡日高川町","4508000","4958800","2020/02/27","2020/03/24","2020/03/31 06:31","土木一式工事",""
"425","200379","","一般競争入札","電子入札","令和２年度　河修　第６０１号－７","日高川（外）河川修繕（外）合併（単価契約）工事","130560","日高振興局建設部","日高郡日高川町","9059000","9964900","2020/02/27","2020/03/24","2020/03/31 06:31","土木一式工事",""
"426","200381","","一般競争入札","電子入札","令和２年度　河修　第６０１号－６","南部川（外）河川修繕（外）合併（単価契約）工事","130560","日高振興局建設部","日高郡みなべ町","7271000","7998100","2020/02/27","2020/03/24","2020/03/31 06:31","土木一式工事",""
"427","200388","","一般競争入札","電子入札","令和２年度　河修　第６０１号－５","印南川（外）河川修繕（外）合併（単価契約）工事","130560","日高振興局建設部","日高郡印南町","7245000","7969500","2020/02/27","2020/03/24","2020/03/24 16:44","土木一式工事",""
"428","200380","","一般競争入札","電子入札","令和２年度　河修　第６０１号－４","由良川（外）河川修繕（外）合併（単価契約）工事","130560","日高振興局建設部","日高郡由良町","2675000","2942500","2020/02/27","2020/03/24","2020/03/31 06:31","土木一式工事",""
"429","200396","","一般競争入札","電子入札","令和２年度　河修　第６０１号－３","西川（外）河川修繕（外）合併（単価契約）工事","130560","日高振興局建設部","日高郡日高町","3596000","3955600","2020/02/27","2020/03/24","2020/03/31 06:31","土木一式工事",""
"430","200392","","一般競争入札","電子入札","令和２年度　河修　第６０１号－２","西川（外）河川修繕（外）合併（単価契約）工事","130560","日高振興局建設部","日高郡美浜町","3628000","3990800","2020/02/27","2020/03/24","2020/03/31 06:31","土木一式工事",""
"431","200391","","一般競争入札","電子入札","令和２年度　河修　第６０１号","日高川（外）河川修繕（外）合併（単価契約）工事","130560","日高振興局建設部","御坊市","9079000","9986900","2020/02/27","2020/03/24","2020/03/31 06:31","土木一式工事",""
"432","200378","","一般競争入札","電子入札","令和２年度　ダム修繕　第４号－５","切目川ダム修繕（単価契約）工事","130560","日高振興局建設部","日高郡印南町","3157000","3472700","2020/02/27","2020/03/24","2020/03/24 16:47","土木一式工事",""
"433","200354","","一般競争入札（総合評価）","電子入札","令和１年度　道保交金　第９０３－６号－４","国道４２４号（高雄大橋）交付金道路保全設計業務","130660","西牟婁振興局建設部","田辺市","18374000","20211400","2020/02/27","2020/03/17","2020/03/17 16:35","鋼構造及びコンクリート",""
"434","200326","","一般競争入札","電子入札","令和２年度　道保メンテ　第９０４－３号－２","日置川すさみ線外道路メンテナンス発注者支援業務","130660","西牟婁振興局建設部","西牟婁郡白浜町","15324000","16856400","2020/02/20","2020/03/24","2020/04/01 19:45","道路",""
"435","200273","","一般競争入札","電子入札","令和２年度　道保メンテ　第９０４－３号","新和歌浦梅原線道路メンテナンス発注者支援業務","130160","海草振興局建設部","和歌山市","14990000","16489000","2020/02/20","2020/03/24","2020/03/27 06:30","道路",""
"436","200322","","一般競争入札","電子入札","令和２年度　道保メンテ　第９０４－３号","三谷妙寺停車場線　道路メンテナンス発注者支援業務","130360","伊都振興局建設部","伊都郡かつらぎ町","15324000","16856400","2020/02/20","2020/03/24","2020/03/27 17:11","道路",""
"437","200331","","一般競争入札","電子入札","令和２年度　道保メンテ　第９０４－３号","御坊湯浅線道路メンテナンス発注者支援業務","130460","有田振興局建設部","有田郡湯浅町","14990000","16489000","2020/02/20","2020/03/24","2020/04/01 06:30","道路",""
"438","200321","","一般競争入札","電子入札","令和２年度　道保メンテ　第９０４－３号","上富田すさみ線外道路メンテナンス発注者支援業務","130660","西牟婁振興局建設部","西牟婁郡白浜町","15324000","16856400","2020/02/20","2020/03/24","2020/04/01 09:09","道路",""
"439","200340","","一般競争入札","電子入札","令和２年度　道保メンテ　第９０４－３号","古座川熊野川線道路メンテナンス発注者支援業務","130760","東牟婁振興局串本建設部","東牟婁郡古座川町","15324000","16856400","2020/02/20","2020/03/24","2020/03/31 06:31","道路",""
"440","200283","","一般競争入札","電子入札","令和２年度　道保メンテ　第９０３－９号","国道１６９号道路メンテナンス発注者支援業務","130770","東牟婁振興局新宮建設部","新宮市","15324000","16856400","2020/02/20","2020/03/24","2020/03/31 06:32","道路",""
"441","200297","","一般競争入札","電子入札","令和２年度　道保メンテ　第９０３－３号","国道４２４号道路メンテナンス発注者支援業務","130160","海南工事事務所","海南市","14990000","16489000","2020/02/20","2020/03/24","2020/03/27 06:30","道路",""
"442","200330","","一般競争入札","電子入札","令和２年度　道保メンテ　第９０３－３号","国道４２４号道路メンテナンス発注者支援業務","130560","日高振興局建設部","日高郡日高川町","15324000","16856400","2020/02/20","2020/03/24","2020/04/01 06:30","道路",""
"443","200291","","一般競争入札","電子入札","令和２年度　道改交金　第７号","国道３７０号道路改良発注者支援業務","130160","海南工事事務所","海草郡紀美野町","14990000","16489000","2020/02/20","2020/03/24","2020/03/27 06:30","道路",""
"444","200311","","一般競争入札","電子入札","令和２年度　道改交金　第２２号","国道４８０号　道路改良発注者支援業務","130360","伊都振興局建設部","伊都郡高野町","15324000","16856400","2020/02/20","2020/03/24","2020/03/27 16:56","道路",""
"445","200318","","一般競争入札","電子入札","令和２年度　道改交金　第２１号","国道４２５号道路改良発注者支援業務","130660","西牟婁振興局建設部","田辺市","15324000","16856400","2020/02/20","2020/03/24","2020/04/01 19:48","道路",""
"446","200333","","一般競争入札","電子入札","令和２年度　道改交金　第１７号","国道４２４号道路改良発注者支援業務","130460","有田振興局建設部","有田郡有田川町","14990000","16489000","2020/02/20","2020/03/24","2020/04/01 06:30","道路",""
"447","200343","","一般競争入札","電子入札","令和２年度　道改交金　第１５号","国道３７１号道路改良発注者支援業務","130760","東牟婁振興局串本建設部","東牟婁郡古座川町","15324000","16856400","2020/02/20","2020/03/24","2020/03/31 06:31","道路",""
"448","200303","","一般競争入札","電子入札","令和２年度　道改交金　第１４５号","長井古座線　道路改良　発注者支援業務","130770","東牟婁振興局新宮建設部","東牟婁郡那智勝浦町","15324000","16856400","2020/02/20","2020/03/24","2020/04/01 06:31","道路",""
"449","200336","","一般競争入札","電子入札","令和２年度　道改交金　第１４３号","すさみ古座線道路改良発注者支援業務","130760","東牟婁振興局串本建設部","西牟婁郡すさみ町","15324000","16856400","2020/02/20","2020/03/24","2020/03/27 06:30","道路",""
"450","200314","","一般競争入札","電子入札","令和２年度　道改交金　第１４２号","白浜久木線道路改良発注者支援業務","130660","西牟婁振興局建設部","西牟婁郡白浜町","15324000","16856400","2020/02/20","2020/03/24","2020/04/01 09:16","道路",""
"451","200328","","一般競争入札","電子入札","令和２年度　道改交金　第１３３号","御坊中津線道路改良発注者支援業務","130560","日高振興局建設部","日高郡日高川町","15324000","16856400","2020/02/20","2020/03/24","2020/04/01 06:30","道路",""
"452","200329","","一般競争入札","電子入札","令和２年度　道改交金　第１２６号","御坊由良線道路改良発注者支援業務","130560","日高振興局建設部","日高郡由良町","15324000","16856400","2020/02/20","2020/03/27","2020/04/01 06:30","道路",""
"453","200337","","一般競争入札","電子入札","令和２年度　道改交金　第１２３号","海南金屋線道路改良発注者支援業務","130460","有田振興局建設部","有田郡有田川町","14990000","16489000","2020/02/20","2020/03/27","2020/03/30 17:14","道路",""
"454","200302","","一般競争入札","電子入札","令和２年度　道改交金　第１１号","国道３７１号道路改良発注者支援業務","130660","西牟婁振興局建設部","田辺市","15324000","16856400","2020/02/20","2020/03/24","2020/04/01 19:51","道路",""
"455","200292","","一般競争入札","電子入札","令和２年度　道改交金　第１１５号","海南金屋線道路改良発注者支援業務","130160","海南工事事務所","海南市","14990000","16489000","2020/02/20","2020/03/24","2020/03/27 06:30","道路",""
"456","200269","","一般競争入札","電子入札","令和２年度　道改交金　第１１２号－２","紀伊停車場田井ノ瀬線道路改良発注者支援業務","130160","海草振興局建設部","和歌山市","14990000","16489000","2020/02/20","2020/03/27","2020/03/31 06:30","道路",""
"457","200277","","一般競争入札","電子入札","令和２年度　道改交金　第１０７号","泉佐野打田線　道路改良　発注者支援 業務","130260","那賀振興局建設部","紀の川市","14744000","16218400","2020/02/20","2020/03/24","2020/03/31 06:30","道路",""
"458","200313","","一般競争入札","電子入札","令和２年度　道改交金　第１０３号","花園美里線　道路改良発注者支援業務","130360","伊都振興局建設部","伊都郡かつらぎ町","15324000","16856400","2020/02/20","2020/03/24","2020/03/27 16:58","道路",""
"459","200288","","一般競争入札","電子入札","令和２年度　災発支　第７号－４","四村川外河川災害復旧発注者支援業務","130660","西牟婁振興局建設部","田辺市","15324000","16856400","2020/02/20","2020/03/24","2020/04/01 20:31","河川砂防及び海岸",""
"460","200289","","一般競争入札","電子入札","令和２年度　災発支　第７号－３","熊野川外河川災害復旧発注者支援業務","130660","西牟婁振興局建設部","田辺市","15324000","16856400","2020/02/20","2020/03/24","2020/04/01 19:53","河川砂防及び海岸",""
"461","200309","","一般競争入札","電子入札","令和２年度　災発支　第７号","富田川外河川災害復旧発注者支援業務","130660","西牟婁振興局建設部","田辺市","15324000","16856400","2020/02/20","2020/03/24","2020/04/01 19:52","河川砂防及び海岸",""
"462","200316","","一般競争入札","電子入札","令和２年度　災発支　第６号","日高川河川災害復旧発注者支援業務","130560","日高振興局建設部","日高郡日高川町","15324000","16856400","2020/02/20","2020/03/24","2020/04/01 06:30","河川砂防及び海岸",""
"463","200301","","一般競争入札","電子入札","令和２年度　国補国改　第１号－５","国道168号　道路改築　発注者支援業務","130770","東牟婁振興局新宮建設部","新宮市","15324000","16856400","2020/02/20","2020/03/27","2020/03/31 17:15","道路",""
"464","200298","","一般競争入札","電子入札","令和２年度　港整　第１－２号－２","和歌山下津港　港湾施設整備（放置艇対策） 外合併 発注者支援業務","082501","和歌山下津港湾事務所","和歌山市","14990000","16489000","2020/02/20","2020/03/24","2020/03/27 06:30","港湾及び空港",""
"465","200265","","一般競争入札","電子入札","令和２年度　公共街路　第２号","南港山東線道路改良発注者支援業務","130160","海草振興局建設部","和歌山市","14990000","16489000","2020/02/20","2020/03/24","2020/03/27 06:30","道路",""
"466","200271","","一般競争入札","電子入札","令和２年度　交安交金　第９０２－５号","自転車走行空間整備　発注者支援業務","130160","海草振興局建設部","和歌山市","14990000","16489000","2020/02/20","2020/03/27","2020/03/31 06:30","道路",""
"467","200279","","一般競争入札","電子入札","令和２年度　交安交金　第３０４－５号","和歌山野上線　交付金交通安全発注者支援業務","130160","海草振興局建設部","和歌山市","14990000","16489000","2020/02/20","2020/03/27","2020/03/31 06:30","道路",""
"468","200304","","一般競争入札","電子入札","令和１年度　防交金　第３０２号－１２","佐野川河川整備発注者支援業務","130770","東牟婁振興局新宮建設部","新宮市","15324000","16856400","2020/02/20","2020/03/24","2020/04/01 06:31","河川砂防及び海岸",""
"469","200308","","一般競争入札","電子入札","令和１年度　防交金　第２１１－３０号－６","熊野川河川整備発注者支援業務","130770","東牟婁振興局新宮建設部","新宮市","15324000","16856400","2020/02/20","2020/03/24","2020/03/31 06:32","河川砂防及び海岸",""
"470","200325","","一般競争入札","電子入札","令和１年度　防交金　第２０７－３０号－８","西川（外）河川整備発注者支援業務","130560","日高振興局建設部","日高郡美浜町","15324000","16856400","2020/02/20","2020/03/24","2020/04/01 06:30","河川砂防及び海岸",""
"471","200320","","一般競争入札","電子入札","令和１年度　防交金　第２０６号－９","日高川（外）河川整備発注者支援業務","130560","日高振興局建設部","日高郡日高川町","15324000","16856400","2020/02/20","2020/03/24","2020/03/31 06:31","河川砂防及び海岸",""
"472","200338","","一般競争入札","電子入札","令和１年度　防交金　第２０５－５０号","有田川広域河川改修発注者支援業務","130460","有田振興局建設部","有田市","14990000","16489000","2020/02/20","2020/03/24","2020/04/01 06:30","河川砂防及び海岸",""
"473","200268","","一般競争入札","電子入札","令和１年度　防交金　第２０３－３０号－１３","七瀬川河川整備発注者支援業務","130160","海草振興局建設部","和歌山市","14990000","16489000","2020/02/20","2020/03/24","2020/04/01 06:30","河川砂防及び海岸",""
"474","200280","","一般競争入札","電子入札","令和１年度　防交金　第２０２号－６","亀の川　河川整備発注者支援業務","130160","海草振興局建設部","和歌山市","14990000","16489000","2020/02/20","2020/03/24","2020/04/01 06:30","河川砂防及び海岸",""
"475","200272","","一般競争入札","電子入札","令和１年度　防交金　第２０１号－６","和田川河川整備発注者支援業務","130160","海草振興局建設部","和歌山市","14990000","16489000","2020/02/20","2020/03/24","2020/03/27 06:30","河川砂防及び海岸",""
"476","200296","","一般競争入札","電子入札","令和１年度　防交金　第１１３－３０号－４","貴志川外河川整備発注者支援合併業務","130160","海南工事事務所","海南市","14990000","16489000","2020/02/20","2020/03/24","2020/03/27 06:30","河川砂防及び海岸",""
"477","200278","","一般競争入札","電子入札","令和１年度　大規模　第４０１号－１６","根来川　河川整備　発注者支援 業務","130260","那賀振興局建設部","岩出市","14744000","16218400","2020/02/20","2020/03/24","2020/03/31 06:30","河川砂防及び海岸",""
"478","200335","","一般競争入札","電子入札","令和１年度　砂防　第５８号","地蔵谷川砂防（砂防）発注者支援業務","130460","有田振興局建設部","有田郡有田川町","14990000","16489000","2020/02/20","2020/03/27","2020/03/30 17:00","河川砂防及び海岸",""
"479","200323","","一般競争入札","電子入札","令和１年度　砂防　第５３号－３","牛ケ瀬谷川（外）砂防発注者支援業務","130560","日高振興局建設部","日高郡日高町","15324000","16856400","2020/02/20","2020/03/27","2020/04/01 06:30","河川砂防及び海岸",""
"480","200300","","一般競争入札","電子入札","令和１年度　砂防　第５２９－３０号","熊野川圏域砂防発注者支援業務","130770","東牟婁振興局新宮建設部","新宮市","15324000","16856400","2020/02/20","2020/03/24","2020/04/01 06:31","河川砂防及び海岸",""
"481","200287","","一般競争入札","電子入札","令和１年度　砂防　第５１７号","富田川外砂防発注者支援業務","130660","西牟婁振興局建設部","田辺市","15324000","16856400","2020/02/20","2020/03/24","2020/04/01 09:18","河川砂防及び海岸",""
"482","200332","","一般競争入札","電子入札","令和１年度　砂防　第５０５－３０号","船坂谷川外砂防（砂防）発注者支援業務","130460","有田振興局建設部","有田郡有田川町","14990000","16489000","2020/02/20","2020/03/24","2020/04/01 06:30","河川砂防及び海岸",""
"483","200267","","一般競争入札","電子入札","令和１年度　砂防　第４９１－３０号","海草振興局管内・砂防事業渓流発注者支援業務","130160","海草振興局建設部","和歌山市","14990000","16489000","2020/02/20","2020/03/27","2020/03/31 06:30","河川砂防及び海岸",""
"484","200324","","一般競争入札","電子入札","令和１年度　砂防　第３２号－３","あたぎ谷川（外）砂防発注者支援業務","130560","日高振興局建設部","日高郡日高川町","15324000","16856400","2020/02/20","2020/03/24","2020/03/31 06:31","河川砂防及び海岸",""
"485","200317","","一般競争入札","電子入札","令和１年度　砂防　第２号－２","有田川　砂防発注者支援業務","130360","伊都振興局建設部","伊都郡かつらぎ町","15324000","16856400","2020/02/20","2020/03/24","2020/03/27 17:02","河川砂防及び海岸",""
"486","200327","","一般競争入札","電子入札","令和１年度　砂防　第１７号－２","里山谷川（外）砂防発注者支援業務","130560","日高振興局建設部","日高郡由良町","15324000","16856400","2020/02/20","2020/03/24","2020/03/31 06:31","河川砂防及び海岸",""
"487","200290","","一般競争入札","電子入札","令和１年度　砂防　第１０７号－３","上出地区外砂防発注者支援合併業務","130160","海南工事事務所","海南市","14990000","16489000","2020/02/20","2020/03/24","2020/03/27 06:30","河川砂防及び海岸",""
"488","200315","","一般競争入札","電子入札","令和１年度　砂防　第１０４号－３","上古沢地区　砂防発注者支援業務","130360","伊都振興局建設部","伊都郡九度山町","15324000","16856400","2020/02/20","2020/03/24","2020/03/27 16:59","河川砂防及び海岸",""
"489","200319","","一般競争入札","電子入札","令和１年度　港整　第２号－１０","由良港港湾施設整備発注者支援業務","130560","日高振興局建設部","日高郡由良町","15324000","16856400","2020/02/20","2020/03/24","2020/04/01 06:30","港湾及び空港",""
"490","200341","","一般競争入札","電子入札","令和１年度　漁港整備　第１－２号－４","串本漁港漁港施設整備（流通基盤）発注者支援業務","130760","東牟婁振興局串本建設部","東牟婁郡串本町","15324000","16856400","2020/02/20","2020/03/24","2020/03/31 06:32","港湾及び空港",""
"491","200339","","一般競争入札","電子入札","令和１年度　漁港整備　第１－１号－５","箕島漁港漁港施設整備発注者支援業務","130460","有田振興局建設部","有田市","14990000","16489000","2020/02/20","2020/03/27","2020/03/30 17:13","河川砂防及び海岸",""
"492","200342","","一般競争入札","電子入札","令和１年度　海整　第４号－６","串本海岸海岸整備発注者支援業務","130760","東牟婁振興局串本建設部","東牟婁郡串本町","15324000","16856400","2020/02/20","2020/03/27","2020/03/31 06:32","河川砂防及び海岸",""
